TrtPolyID,MR_trt_comp
30720,2016-03-03
30722,2016-03-04
30926,2018-03-07
30718,2016-03-24
7828,2007-06-19
30920,2017-03-03
30454,2008-04-14
30687,2012-03-05
30617,2005-06-22
11583,2010-12-05
30413,1998-04-28
6093,1988-06-15
10946,1985-09-15
12185,1983-01-31
3269,1989-04-07
30458,2008-06-13
30464,2010-06-16
30452,2007-06-15
12585,1990-06-15
4977,2000-10-20
8383,1988-06-15
134,2006-06-09
589,1966-08-15
30726,2016-03-16
30914,2016-02-18
6932,2008-12-29
1720,2003-06-15
588,1987-10-15
30872,2011-01-01
9146,2010-10-09
8398,1992-06-15
30635,2007-12-31
9278,1963-07-12
9279,1963-07-12
8774,2009-06-28
8773,2007-10-15
9093,1967-06-29
9092,1967-06-29
771,1982-11-15
8581,2010-06-15
30600,2001-03-21
30427,2001-06-09
1763,2009-07-15
5066,2009-06-15
12812,2010-06-23
1199,1982-09-30
2915,1991-08-17
13612,2009-12-31
30897,2015-04-01
12866,2002-12-31
5065,2010-07-05
293,2006-09-20
8021,1983-01-31
7806,1969-09-30
2736,2007-10-04
6687,2009-07-20
4844,1988-12-31
5609,1984-06-15
7966,2006-06-15
5608,1989-03-22
7962,1991-08-22
12806,2008-12-31
7624,1959-11-27
11567,2010-06-28
6605,1990-06-29
12862,1985-12-31
12852,2010-12-31
5182,1972-04-15
5181,1972-04-15
312,2010-10-15
11915,1987-01-31
30419,1999-06-18
2249,1984-05-31
30480,2019-03-20
4245,2009-06-07
30758,2019-12-18
86,2010-10-07
11565,2003-12-31
6227,2008-06-26
12780,2007-06-14
12822,1998-12-31
30451,2007-02-12
8587,2010-12-31
30468,2011-03-14
3136,2003-06-15
2262,1992-12-31
2936,1986-05-31
9766,2009-10-26
12784,2007-12-31
12826,2010-12-31
30587,1998-05-11
8159,1967-07-13
30852,2009-06-25
30693,2013-04-14
6021,1964-02-09
30577,1995-06-14
5005,1985-11-06
30410,1998-07-17
5587,2007-06-10
30751,2018-11-29
30847,2009-09-30
30654,2010-07-03
30425,2001-07-05
30444,2005-05-26
30408,1998-07-21
30462,2009-06-16
30866,2010-12-17
30863,2011-05-06
13276,2006-12-31
13006,2003-12-31
12683,2010-12-31
12684,2010-12-31
30754,2019-05-07
30647,2009-11-30
13444,1964-05-30
13443,1964-05-30
1892,1967-01-06
1893,1967-01-06
4145,1963-12-15
4146,1963-12-15
9276,1968-02-24
9277,1968-02-24
1752,1961-10-02
1751,1961-10-02
4539,1958-10-14
8901,1963-12-15
11273,1965-03-30
11274,1965-03-30
11270,2004-06-15
13015,2001-10-11
3570,1970-06-30
3569,1970-06-30
6346,1964-01-14
6345,1964-01-14
6468,1965-04-22
6469,1965-04-22
8695,2010-06-15
9371,1966-06-30
9370,1966-06-30
7657,2002-12-31
4545,1963-06-15
4544,1963-06-15
9369,1963-12-07
9368,1963-12-07
9849,1963-06-03
9081,1963-12-16
3337,1985-12-31
3415,1971-06-30
10693,2004-06-15
10694,2004-06-15
1444,1959-10-15
1443,1959-10-15
13306,2007-12-31
11272,1975-12-31
5604,1963-05-27
5605,1963-05-27
3616,1964-10-19
3617,1964-10-19
8784,1964-05-10
8785,1964-05-10
2156,1965-04-29
2157,1965-04-29
9476,1966-11-26
9475,1966-11-26
305,1968-11-11
2149,1966-11-30
2150,1966-11-30
2151,1969-05-28
2152,1969-05-28
10284,1969-06-27
10285,1969-06-27
7976,1967-04-30
10599,1968-05-03
2155,1970-06-30
6631,1969-12-31
6630,1969-12-31
10283,1964-10-22
8696,2008-05-18
9954,1975-12-31
8788,1964-04-23
8789,1964-04-23
9473,1965-12-07
9474,1965-12-07
13008,2001-07-06
9683,1963-05-17
9684,1963-05-17
9454,1963-06-18
9455,1963-06-18
6025,1964-12-02
6026,1964-12-02
7472,1968-06-01
4526,1962-05-16
4525,1962-05-16
2499,2001-06-15
959,1965-06-29
958,1965-06-29
2496,2004-06-15
2497,2004-06-15
9196,2009-06-15
4970,1962-06-15
4971,1962-06-15
4972,1962-06-15
7609,2003-10-06
11219,1965-12-15
11218,1965-12-15
3477,1995-06-15
5862,1965-04-01
6971,2000-06-15
774,1964-06-24
773,1964-06-24
80,1951-09-15
776,1958-07-11
4278,1959-10-29
4277,1959-10-29
4280,1995-06-15
10535,1997-06-15
8783,1959-05-20
8782,1959-05-20
6712,1961-03-22
11295,1961-06-14
11294,1961-06-14
10853,1994-06-15
4026,1951-08-30
4028,1952-09-01
4769,1955-11-25
4768,1955-11-25
10858,1963-09-12
10857,1963-09-12
120,1963-10-26
119,1963-10-26
4765,1958-09-15
7608,2007-10-02
4030,1955-11-10
4034,1957-10-11
4033,1957-10-11
4032,1956-09-15
11197,2000-06-15
8370,1960-05-15
8369,1960-05-15
7554,1997-06-15
227,2000-06-15
7607,2005-10-14
225,1993-06-22
8630,1963-05-18
8629,1963-05-18
223,2007-10-17
5743,1953-10-22
4014,1993-06-15
9939,2008-09-25
30716,2015-05-09
30749,2018-08-16
9389,1963-10-09
9388,1963-10-09
9387,1963-06-04
9386,1963-06-04
11922,2008-06-15
2119,1961-09-23
2118,1961-09-23
11223,1965-06-10
11222,1965-06-10
6836,1965-06-25
6835,1965-06-25
11549,2005-06-15
3642,1958-12-15
7214,1994-06-15
30899,2014-04-14
1850,1994-06-15
7809,1962-07-01
7459,2010-09-06
3748,2000-06-15
3749,2000-06-15
30678,2013-07-18
2937,1994-06-15
5668,1967-06-16
5667,1967-06-16
6991,1968-06-21
6992,1968-06-21
6993,1968-06-21
3324,1963-10-21
3323,1963-10-21
5590,1998-06-15
4004,1992-08-31
3322,1963-07-18
3321,1963-07-18
3312,1964-06-17
3313,1964-06-17
1995,1961-10-15
1997,1961-10-15
11225,1965-05-01
11224,1965-05-01
2207,1965-10-16
2206,1965-10-16
7968,1965-09-11
7967,1965-09-11
7945,1966-05-19
7944,1966-05-19
9266,2005-06-15
6574,1991-10-03
30673,2011-09-10
3394,2007-06-15
11247,2008-07-11
8377,1995-06-15
7942,1990-06-15
1759,2007-06-15
6347,2003-06-15
8960,2004-03-13
12940,1967-02-08
7606,2006-10-07
6094,1999-06-15
12923,1965-06-02
12922,1965-06-02
10587,1989-10-23
6821,1993-06-15
3371,1965-11-15
3370,1965-11-15
1708,1967-02-15
1707,1967-02-15
10584,2004-04-29
8766,1998-09-27
8669,1978-09-21
7118,2008-06-15
12913,1964-05-15
10582,2004-06-15
10583,2004-06-15
10994,1961-03-15
10993,1961-03-15
1663,1983-07-15
12881,1957-06-04
13061,2014-08-12
12941,1967-06-28
30761,2019-11-01
6908,1967-12-15
6909,1967-12-15
11173,1962-06-13
3492,1954-03-11
6771,1962-10-25
13042,2012-12-29
13041,2011-02-02
11988,1948-01-30
11989,1948-01-30
13039,2005-09-14
12915,1963-05-22
12916,1963-05-22
3715,2001-09-21
20515,2022-12-06
1527,1987-06-15
1528,1987-06-15
1529,1987-06-15
2062,1996-06-15
12933,1966-07-15
1891,2003-10-23
1539,2007-06-15
1540,2007-06-15
4383,1962-10-27
21769,2021-01-06
21768,2021-01-06
9042,1963-10-22
4729,1963-11-19
30553,1989-12-31
4724,1963-10-22
5980,1996-11-10
6458,1964-09-15
6459,1964-09-15
6167,1996-09-30
7022,1968-08-15
7021,1968-08-15
30558,1991-12-31
30506,1983-12-16
5068,1971-03-15
5067,1971-03-15
5538,2007-03-15
3944,2006-04-17
6152,2010-07-01
6155,1960-09-29
6154,1960-09-29
136,1961-10-17
135,1961-10-17
294,2004-02-07
8605,2006-03-15
6869,2009-06-15
12900,1959-11-10
30723,2016-09-10
1980,2006-10-15
878,1966-06-15
438,1966-12-01
437,1966-12-01
439,1966-12-01
10522,1967-09-18
10521,1967-09-18
12397,1967-09-01
12396,1967-09-01
786,1967-09-12
785,1967-09-12
28547,2021-02-28
1122,2007-06-15
3305,2006-02-15
30714,2015-04-02
2829,2005-11-15
30628,2006-04-15
12931,1966-06-01
28543,2021-03-02
28544,2021-03-03
10213,2005-03-15
10852,1965-12-30
10851,1965-12-30
30644,2008-10-10
11677,2013-03-30
2010,1967-01-27
2009,1967-01-27
9562,1958-11-15
9563,1958-11-15
30712,2015-10-03
896,2003-02-22
5647,1964-09-30
10212,2005-03-15
338,2002-10-10
21975,2021-06-15
21974,2021-06-15
4754,1966-12-22
4753,1966-12-22
28354,2020-02-15
30927,2019-09-24
2325,1966-12-22
2324,1966-12-22
1723,1962-11-05
1572,2007-02-15
1573,2007-02-15
3307,2006-02-15
6731,2006-02-15
1800,1965-11-05
12874,1996-08-27
12875,1996-08-27
12876,1996-08-27
28545,2021-03-03
7411,2011-11-29
12942,1968-06-15
12976,2003-01-31
30818,1999-01-01
28810,2021-01-31
4473,2004-12-14
2818,1966-11-28
2817,1966-11-28
2847,1985-09-15
28812,2021-02-15
28815,2022-09-15
7996,2007-12-31
12974,2003-06-15
12976,2003-06-15
4948,1963-11-20
12763,2006-08-17
9543,2009-09-15
28383,2021-01-28
9229,2005-06-15
9548,2009-12-07
28382,2021-01-22
9263,2010-03-12
28813,2021-02-15
8965,1964-12-17
12975,2003-04-30
12977,2003-04-30
13002,2013-10-17
7997,1980-09-04
12606,1992-06-26
12908,1962-05-27
12909,1962-05-27
4657,2006-06-15
12725,1983-06-30
13317,1971-06-16
3798,1961-11-10
7300,1975-09-30
12191,1999-10-28
28844,2021-02-17
12734,1985-08-12
12737,1985-08-12
13000,2009-07-03
484,1999-03-31
485,1999-03-31
12748,1986-05-31
30851,2008-01-01
12714,1986-01-04
12715,1986-01-04
8225,1968-06-14
8228,1955-12-15
28849,2021-02-21
486,2007-09-25
12816,2010-09-14
13037,2008-11-30
12299,2011-10-02
44,1958-07-18
43,1958-07-18
12343,2005-05-09
12450,1963-05-25
6655,2005-03-28
6654,2005-03-28
28843,2021-02-20
9737,1968-12-19
12449,1950-12-01
12448,1950-12-01
28846,2021-02-19
28845,2021-02-19
28847,2021-02-19
13704,2012-06-05
6390,2010-09-30
6389,2010-09-30
6147,1970-11-01
6148,1970-11-01
30738,2017-04-24
6146,1966-11-07
6145,1966-11-07
6161,2004-01-31
6160,2004-01-31
13010,1966-06-02
3624,1964-06-30
3625,1964-06-30
13648,2008-06-23
13011,1966-05-30
2853,1978-12-31
2852,1978-12-31
3374,1962-12-21
3373,1962-12-21
12960,2004-10-15
12546,1982-10-20
12545,1982-10-20
3375,1966-10-17
3376,1966-10-17
12547,1971-06-14
4159,1968-12-19
8113,2003-04-07
5959,1956-11-30
5958,1956-11-30
9344,2001-06-15
12375,2004-10-19
12372,2004-10-19
11252,1957-10-01
6040,1950-06-15
6041,1950-06-15
6042,1950-06-15
9119,1949-08-04
9120,1949-08-04
9121,1949-08-04
9122,1949-08-04
30668,2010-09-06
7954,1963-12-12
8566,2005-09-30
2862,1963-11-08
12766,2004-09-10
12769,2004-09-10
12799,2002-06-15
12798,2002-06-15
30692,2012-12-12
6990,1961-12-31
30715,2016-11-16
13671,2010-01-01
8657,1962-11-15
8658,1962-11-15
5955,1990-04-20
5952,1953-12-15
5953,1953-12-15
12247,2005-01-31
12729,1984-09-19
976,1966-12-14
975,1966-12-14
977,1966-12-14
13676,2013-09-30
12742,1964-12-31
12741,1964-12-31
12149,1983-06-18
12887,1999-10-29
8999,1964-09-11
12139,2001-09-28
30491,1977-12-31
4562,1958-10-06
4563,1958-10-06
19819,2020-02-29
9002,2001-07-15
9001,2001-07-15
10692,2010-09-30
890,1965-11-26
889,1965-11-26
12952,2000-03-30
19818,2020-02-29
6809,1959-11-15
6810,1959-11-15
9930,1959-11-15
9931,1959-11-15
5471,1963-06-15
12357,1987-04-23
19817,2019-06-30
28871,2022-06-15
6939,1967-11-24
6937,1967-11-24
6938,1967-11-24
1531,1989-10-15
10921,1964-10-07
10920,1964-10-07
1227,1995-04-01
3882,1962-03-20
3881,1962-03-20
5472,1962-11-15
5473,1962-11-15
5474,1962-11-15
3102,1985-06-15
7817,2007-10-31
4536,2010-09-15
2838,1959-08-17
2839,1959-08-17
3678,1960-12-15
3677,1960-12-15
5353,2001-09-15
5352,2001-09-15
2690,1992-10-06
7636,1979-11-02
7635,1979-11-02
7634,1979-11-02
2614,1965-11-26
2615,1965-11-26
6945,1963-06-15
30820,1999-01-01
12533,1999-11-03
7310,2006-03-15
6581,2003-11-15
6580,2003-11-15
6583,2003-11-15
6582,2003-11-15
6309,1954-01-19
6308,1954-01-19
2146,2006-06-15
2147,2006-06-15
4098,2011-11-04
11524,1948-10-10
4462,2008-06-15
960,2016-09-30
4455,1983-11-28
4454,1983-11-28
6612,1995-06-15
6611,1995-06-15
7311,2006-06-15
7310,2006-06-15
12292,2001-12-31
12293,2001-12-31
4463,2007-06-15
4465,2007-06-15
382,2007-03-15
4464,2007-06-15
12434,2002-08-07
1982,1966-11-16
1981,1966-11-16
10127,1975-06-15
991,2001-08-15
990,2001-08-15
12063,2012-06-05
3343,2003-03-15
3572,2005-03-15
3573,2005-03-15
906,1972-06-15
12062,2008-05-15
12749,2010-10-13
6124,1966-12-14
6122,1966-12-14
6123,1966-12-14
8109,1961-03-24
8110,1961-03-24
8111,1961-03-24
3119,1964-05-09
3120,1964-05-09
10575,2011-07-15
2536,1964-11-12
2535,1964-11-12
12339,2001-12-31
9517,1981-09-15
9518,1981-09-15
9516,1981-09-15
2893,1963-06-12
7497,2008-09-30
7498,2008-09-30
6946,1963-06-02
8260,1958-01-10
8259,1958-01-10
8262,1956-11-16
8261,1956-11-16
6322,1967-11-06
6321,1967-11-06
7637,2003-11-30
7638,2003-11-30
12038,2012-07-12
6860,1995-03-15
6861,1995-03-15
10573,2009-07-16
2676,1978-06-15
8316,2002-11-26
4395,1968-05-09
4396,1968-05-09
7121,1975-04-15
10638,1956-05-20
10639,1956-05-20
10637,1956-05-20
1948,1962-12-15
1947,1962-12-15
10175,2009-12-15
10174,2009-12-15
3303,1966-11-22
3302,1966-11-22
9086,1989-12-14
9087,1989-12-14
10806,1960-12-06
10807,1960-12-06
30503,1982-10-07
4373,2011-09-15
4160,1951-09-30
792,1999-09-30
12718,2007-12-31
28775,2021-01-20
28777,2022-09-15
8131,1966-05-13
6327,1957-06-08
28778,2021-01-17
2694,1956-11-29
28776,2021-01-17
30809,1994-09-30
12334,2003-07-30
2750,1958-06-18
3854,1966-01-07
3855,1966-01-07
12523,2007-08-31
11590,1948-10-02
3105,2007-05-15
3103,2007-05-15
979,1966-11-22
978,1966-11-22
4096,2011-10-28
1013,2010-06-15
12757,2009-01-29
12758,2009-01-29
2991,1966-12-02
5057,1967-12-04
5058,1967-12-04
23203,2021-02-18
12318,2013-09-11
10022,2009-03-15
10023,2009-03-15
10024,2009-03-15
50,1963-11-04
49,1963-11-04
8641,1997-12-31
11084,1986-12-04
7949,2015-01-13
4334,1968-06-15
575,2009-04-22
577,2013-05-06
6144,1968-04-22
52,1983-11-19
46,1966-05-27
30730,2017-05-15
5312,2013-12-19
23202,2021-02-18
9211,2003-04-25
1937,1961-10-28
933,2006-06-15
30875,2011-10-03
932,1994-06-15
1253,1965-06-30
1254,1965-06-30
931,1994-06-15
2599,1968-06-30
12308,2008-03-01
30804,1990-11-15
1973,1968-05-20
1974,1968-05-20
4916,1965-12-31
4915,1965-12-31
4552,2013-11-30
30757,2019-11-06
3507,2015-06-15
3675,2008-04-30
3673,2006-11-01
30760,2019-09-23
30928,2019-03-29
28443,2021-08-16
497,1989-12-31
30423,2001-10-05
1117,1962-06-05
12301,2008-09-30
8014,1973-09-30
12540,2014-09-10
28442,2021-01-16
1183,1962-12-08
1184,1962-12-08
1185,1962-12-08
12537,2012-05-15
4359,2008-12-13
1605,2004-10-25
28441,2021-08-14
5514,1961-01-27
9194,2010-11-15
28440,2021-01-16
5029,2013-10-01
29505,2016-01-03
29506,2016-01-03
1469,2010-09-15
29508,2015-01-03
29509,2015-01-03
7899,1966-12-05
7900,1966-12-05
7901,1966-12-05
7902,1966-12-05
7898,1983-09-15
11144,2010-11-15
11145,2012-11-20
11146,2014-02-06
12267,2005-09-20
12272,2016-09-01
30569,1993-12-31
12268,2012-10-01
12462,2005-01-01
8027,1967-05-29
12597,2007-04-25
3216,1985-09-15
3217,1985-09-15
11441,1971-12-07
11442,1971-12-07
7155,1966-06-15
7156,1966-06-15
12361,2004-09-30
1022,2009-11-16
8026,1967-05-29
8025,1967-05-29
1208,2007-11-08
1212,2007-11-08
30735,2017-03-16
11334,1984-06-15
9126,1996-11-15
9125,1996-11-15
10661,2003-09-15
1745,1981-02-15
1744,1981-02-15
7464,1963-12-03
7463,1963-12-03
3163,1965-11-20
3164,1965-11-20
11863,1962-04-27
11864,1962-04-27
12391,1986-09-30
4128,1982-06-15
11396,1966-10-01
11395,1966-10-01
12440,2005-10-21
3936,1982-06-15
3937,1982-06-15
3243,1982-06-15
7591,1982-06-15
11515,2008-04-15
6500,2003-08-11
12441,2006-10-03
7893,2001-06-30
2340,1965-01-20
2341,1965-01-20
2226,2013-02-28
5875,1978-08-26
13433,2014-09-02
13434,2014-09-02
12461,2004-10-06
5876,1978-08-26
4021,1976-11-23
2954,1961-05-30
13431,2013-11-04
12275,1963-06-15
12276,1963-06-15
834,2002-03-04
12136,1993-06-17
30142,2022-02-28
4095,2013-10-30
9187,1989-06-15
9188,1989-06-15
276,2006-10-15
277,2006-10-15
12096,1969-06-13
8337,2009-12-15
12493,2006-09-15
10947,1964-09-07
475,1962-01-20
7392,1961-05-28
12497,2003-06-15
12498,2003-06-15
895,1967-05-18
894,1967-05-18
3946,2015-06-01
4988,1962-06-03
4982,1962-06-03
11150,1963-04-02
5560,2012-12-31
30596,1999-09-30
30815,1999-09-15
30460,2009-04-23
11184,1962-12-07
11183,1962-12-07
20573,2017-12-13
30571,1993-12-31
58,1978-06-15
5799,2003-06-15
5798,2003-06-15
30347,2011-12-31
1210,1964-11-13
1209,1964-11-13
12618,2007-06-15
12630,2007-06-15
6996,1984-06-02
2030,1987-06-15
2031,1987-06-15
5105,1987-06-15
5106,1987-06-15
29957,2020-01-08
6648,1966-04-11
6647,1966-04-11
8571,1968-12-19
503,1963-10-18
502,1963-10-18
10748,1966-11-05
10747,1966-11-05
10835,1954-10-23
10750,1959-10-23
10751,1959-10-23
10749,1984-06-02
10491,1967-11-06
10492,1967-11-06
10493,1967-11-06
30104,2006-09-01
3177,1942-04-22
3178,1942-04-22
2445,2014-06-15
4910,1994-11-22
7159,1988-11-11
7160,1988-11-11
11987,2013-09-15
6501,2004-10-15
5800,2013-10-16
11619,1961-11-27
11618,1961-11-27
2040,1987-06-15
26568,2021-01-15
11494,1954-10-09
10878,1982-06-15
30498,1981-12-31
1350,1971-05-15
1349,1971-05-15
2479,1966-12-12
2478,1966-12-12
8116,1958-12-22
6537,2003-03-15
8136,2013-09-14
9060,2016-11-24
9488,1981-06-15
7553,1954-09-30
7552,1954-09-30
9618,1980-06-15
9619,1980-06-15
7694,1983-09-21
30572,1993-12-31
3534,1962-08-15
12404,2002-12-31
5801,2013-12-15
26567,2021-01-15
29722,2017-10-20
6803,1974-05-31
3628,1957-05-07
3627,1957-05-07
539,1983-10-15
30445,2005-09-20
7486,1964-10-30
7485,1964-10-30
9330,2000-02-19
859,1970-02-03
858,1970-02-03
12482,2005-11-15
12483,2005-11-15
8165,1964-06-30
809,1969-06-15
30509,1983-12-31
11573,2007-05-14
12522,2002-12-31
21887,2019-10-23
9328,2000-02-19
6254,1969-11-13
6255,1969-11-13
8237,2003-01-15
8895,2011-07-03
6284,1965-05-07
6283,1965-05-07
10838,2008-01-14
3043,2003-06-15
3044,2003-06-15
5509,1971-06-15
5510,1971-06-15
3189,1966-12-12
3188,1966-12-12
29627,2016-10-30
9751,1999-05-18
10734,1964-06-11
6670,1944-12-02
6669,1944-12-02
4774,1968-06-15
7550,1957-12-23
13937,2017-01-17
13940,2017-01-17
13941,2017-01-17
10423,1966-06-12
6668,1958-06-02
11706,1967-03-15
11705,1967-03-15
6961,1957-10-25
6962,1957-10-25
10382,2012-07-23
1144,1965-06-19
29714,2017-11-02
11956,2010-06-10
3041,2002-11-15
3042,2002-11-15
29715,2015-09-15
9552,2008-11-03
19014,2017-12-04
19013,2017-12-04
19034,2015-02-11
19033,2015-02-11
19032,2015-02-11
9553,2011-05-27
2912,2005-10-26
5221,2008-11-01
1143,1962-05-31
29754,2011-10-01
10385,2012-12-23
10378,2012-12-23
19013,2017-11-22
12438,2006-09-05
7393,1963-06-25
19015,2017-12-13
19013,2017-12-13
1575,1970-10-15
12543,2001-12-31
8654,1968-06-11
7551,1963-06-19
8655,1966-01-11
8656,1966-01-11
4249,1964-04-24
4248,1964-04-24
6330,1963-12-22
6329,1963-12-22
371,2004-06-15
370,2004-06-15
12521,2002-12-31
5214,2004-06-15
10381,2013-03-30
3757,2013-09-30
6073,1963-06-21
2539,1966-06-30
2540,1966-06-30
9897,2004-06-15
7703,1969-10-28
7702,1969-10-28
29637,2020-11-17
2349,1966-12-05
2348,1966-12-05
6867,2010-06-30
19006,2017-10-12
6866,2016-09-05
2972,2015-02-20
10604,2015-01-31
2359,1966-01-11
2360,1966-01-11
133,1964-06-15
3872,2004-04-20
30733,2017-10-25
2393,1967-10-07
7576,2006-12-14
7577,2006-12-14
7579,2008-08-21
8848,1984-06-02
7578,2007-06-15
5365,1968-11-01
5364,1968-11-01
2104,1965-06-08
9956,2003-12-02
7701,1984-10-24
7700,1984-10-24
7330,1962-06-26
2083,1965-05-02
2082,1965-05-02
2315,1999-11-15
19046,2013-10-02
7699,2012-12-13
8847,1956-09-18
8846,1956-09-18
19008,2019-03-04
19007,2019-03-04
7468,2016-09-30
8614,1965-10-16
8613,1965-10-16
9261,2015-09-30
9260,2015-09-30
9259,2015-09-30
2103,1965-06-08
9070,1968-06-17
5450,2010-10-05
3422,2007-08-13
12469,2008-10-15
28522,2021-03-05
30412,1998-02-16
10881,1984-09-15
1780,1965-09-01
1779,1965-09-01
28520,2021-06-15
28521,2021-03-07
2298,1982-06-15
5966,2015-03-15
5968,2015-03-15
9633,1959-06-10
9632,1959-06-10
13365,1972-01-31
1581,1975-09-30
5969,2014-12-09
7418,2008-03-15
10880,1984-01-15
10882,1984-01-15
17676,2017-12-31
5970,2014-12-20
4984,1959-09-16
4983,1959-09-16
6253,1970-10-15
6252,1970-10-15
4985,1964-06-19
6250,1972-03-15
6251,1972-03-15
3690,1970-10-15
3259,1996-04-10
9800,2003-06-15
9799,2003-06-15
2167,2004-12-08
10351,2012-04-24
5340,1965-11-03
5339,1965-11-03
2166,2004-12-08
30900,2015-09-29
14028,2017-04-05
14027,2017-04-05
19002,2017-11-13
30450,2007-09-22
7327,2000-02-19
10560,1965-07-29
7883,1986-08-20
4120,1964-10-20
4119,1964-10-20
11858,1953-11-06
11857,1953-11-06
2130,1956-06-15
4181,1968-06-15
10911,2000-01-27
10910,2000-01-27
9670,1999-12-15
258,2001-04-15
9117,1984-05-15
10602,1966-04-01
10601,1966-04-01
10393,2008-06-15
19061,2012-09-30
10913,1999-12-10
10912,1999-12-10
7834,2000-06-15
21111,2022-06-08
30402,1997-05-12
21108,2020-11-15
21110,2020-11-15
299,2002-01-15
6368,1966-05-25
6367,1966-05-25
20251,2018-02-15
20250,2018-02-15
20200,2018-02-20
13220,1963-10-31
2508,1951-02-27
2507,1951-02-27
2509,1951-02-27
30037,2008-10-07
29788,2021-10-05
8691,1999-12-06
298,2002-03-15
301,2002-03-15
12675,1978-01-31
13928,2017-03-23
756,2001-01-10
30398,1990-04-03
12674,1977-04-23
12662,1978-01-31
12676,1978-01-31
2510,1952-03-12
20346,2022-06-21
13119,1966-05-23
20347,2020-10-15
30447,2006-10-14
13285,1969-06-06
29998,2016-06-05
29995,2016-12-28
20202,2018-06-15
9245,2006-10-14
12688,1981-04-30
20201,2018-02-20
12672,1978-01-31
30005,2019-03-10
7055,2010-06-15
5179,2000-12-15
28235,2020-02-29
30004,2019-02-15
28092,2020-02-28
30021,2014-11-19
28233,2019-11-01
4579,1975-06-15
30035,2019-03-01
26465,2021-01-15
8644,2010-02-28
27372,2020-10-06
30027,2017-10-13
8645,2011-01-25
27173,2016-11-05
253,2000-12-15
29910,2021-10-04
30028,2017-11-30
20110,2020-02-15
29798,2021-11-15
3192,1987-06-15
26542,2021-01-15
19001,2017-12-05
18839,2019-06-15
6503,2002-01-18
20112,2019-10-14
18845,2018-05-15
10197,1953-09-22
10198,1953-09-22
10196,1953-09-22
29942,2022-06-05
20280,2018-03-05
18847,2018-12-30
18848,2019-09-09
3847,2000-06-15
3844,2000-06-15
3848,2000-06-15
11805,2012-03-05
21336,2020-01-28
21337,2020-01-28
21334,2020-01-28
20465,2021-03-21
20468,2021-03-21
21332,2020-01-28
30417,1999-09-22
20463,2020-03-21
20467,2020-03-21
20466,2021-09-15
20193,2018-02-23
20348,2019-11-15
21335,2019-10-14
20462,2020-03-21
21358,2019-02-21
3846,2000-06-15
20461,2020-12-01
21332,2019-12-01
29615,2020-12-01
21359,2019-09-30
1251,2008-06-15
1252,2008-06-15
21363,2018-03-25
507,2009-01-27
10139,2002-02-15
21362,2018-03-25
3841,2002-02-15
21287,2019-02-21
21361,2018-09-30
8507,2007-03-23
29968,2019-12-12
3845,2000-06-15
1179,2008-01-15
30153,2022-09-30
9692,1965-05-20
8455,2000-06-15
29862,2020-11-13
5651,1969-06-25
5652,1970-05-18
7743,1947-12-15
7739,1947-12-15
23210,2020-06-15
23214,2020-06-15
23213,2021-06-15
23210,2021-06-15
23214,2021-06-15
8662,1953-06-15
2547,2011-01-23
20279,2018-01-20
3409,2007-01-15
19804,2018-03-31
19805,2018-03-31
10505,2006-12-15
29912,2021-12-17
10501,2007-03-15
29502,2020-12-15
29503,2020-12-15
10507,2009-07-17
3583,1948-04-03
23212,2022-06-15
23213,2022-06-15
10499,2007-03-15
10504,2006-12-15
9595,2002-01-17
4962,2011-10-24
2035,2006-12-15
10504,2007-03-15
19809,2018-01-21
30336,2022-06-24
10843,2018-11-30
20175,2019-05-21
13929,2016-12-21
13844,2016-10-18
21118,2020-03-15
21119,2022-07-15
7165,2007-03-15
7166,2007-03-15
20230,2018-02-19
9597,2002-02-16
7168,2007-01-15
7169,2007-01-15
29921,2020-02-15
2232,2002-02-15
20228,2018-01-25
20176,2019-05-21
20286,2018-02-27
11129,2000-01-15
494,2008-06-15
495,2008-06-15
496,2008-06-15
20229,2019-09-30
23205,2020-11-03
23206,2020-11-03
23204,2020-11-02
23206,2020-11-02
3211,2000-06-15
12020,1963-12-20
12019,1963-12-20
12021,1963-12-20
12014,2009-10-31
2805,1964-07-02
1556,2012-11-15
19053,2013-12-13
8624,2007-12-15
9602,2002-02-15
4474,2001-03-15
1555,2013-02-27
18997,2017-10-12
13930,2017-12-23
6045,2011-06-15
21453,2018-12-22
29469,2021-10-03
19057,2013-03-12
19055,2013-03-12
19056,2013-03-12
11206,1980-06-15
11873,2003-03-15
29476,2020-02-12
29755,2022-06-15
29477,2017-11-30
20177,2018-10-31
12525,2013-06-15
20284,2018-02-27
8874,2008-11-25
9596,2002-01-25
2686,2012-08-27
5909,2002-06-15
10420,1980-06-15
21419,2018-12-24
21418,2018-12-24
4324,2007-01-15
4325,2007-01-15
6118,1961-12-23
6117,1961-12-23
21420,2018-03-24
536,2007-01-15
20295,2018-09-30
20286,2018-09-30
20288,2018-02-27
813,1981-06-15
29931,2021-09-26
10672,2004-05-15
10673,2004-05-15
30415,1999-08-31
20329,2019-09-30
20326,2019-09-30
535,2007-01-15
12551,2014-11-12
21934,2020-03-26
21933,2020-03-26
20285,2018-02-27
20328,2018-02-11
8909,2001-12-07
8966,1988-06-15
6169,1968-05-09
6168,1968-05-09
3266,2013-12-25
30449,2007-09-12
8860,1963-05-18
8489,2014-01-30
29414,2018-06-02
6303,2019-09-11
3264,2010-06-15
3265,2010-06-15
8488,2014-01-30
20330,2019-09-30
9603,2007-03-15
3132,1953-10-26
8959,2011-02-25
9774,2007-06-15
20327,2018-02-10
9610,2007-03-15
9614,2007-03-15
2517,2014-01-30
12526,2013-06-15
21202,2019-09-30
7801,2006-03-15
21205,2019-03-01
21204,2019-03-01
21203,2019-03-01
4901,2001-11-15
2309,2000-06-15
4670,1964-12-09
4669,1964-12-09
9605,2007-01-15
14821,2016-11-03
9772,1958-10-15
9771,1958-10-15
20192,2018-02-27
5410,2004-01-20
4734,2007-12-15
9604,2007-01-15
14815,2018-02-11
20248,2018-09-30
2049,2007-01-31
14810,2017-01-31
20247,2018-09-30
20246,2018-09-30
9609,2007-01-15
9174,1981-06-15
4733,2007-12-15
1783,2015-11-03
11429,1986-06-15
5111,2002-01-04
5113,2002-02-03
3649,2008-10-31
9171,1984-06-15
4635,1963-12-15
4634,1963-12-15
14811,2017-02-15
1462,1952-10-10
1461,1952-10-10
1463,1952-10-10
9608,2007-01-15
19044,2014-09-30
19043,2014-09-30
19045,2014-09-30
2294,2011-10-22
2293,2011-10-22
14805,2017-02-02
7941,1957-12-12
20052,2020-09-30
2160,2008-07-15
20050,2020-09-30
2306,2000-11-30
629,1980-06-15
5764,2007-09-10
8319,1997-02-15
10238,2002-01-14
10239,2002-01-14
20049,2019-09-30
2351,2000-02-15
18875,2018-02-01
18872,2018-02-01
14816,2017-01-31
18874,2018-02-01
18873,2018-02-01
3499,2012-01-16
7820,1954-09-28
8464,2002-01-25
11939,1997-02-15
10932,1954-09-28
10933,1954-09-28
7819,1954-09-28
7818,1954-09-28
10931,1954-09-28
14809,2017-01-31
29927,2019-10-30
20048,2019-09-30
20050,2019-09-30
4513,2010-09-13
11866,2007-12-15
9847,2004-03-15
5906,2002-01-15
8465,2002-02-14
8598,1967-11-17
8597,1967-11-17
29878,2014-11-25
8877,2012-01-21
5314,1967-06-20
4512,2011-05-25
19776,2020-11-10
30542,1987-12-31
4055,1986-10-15
29917,2020-10-23
19775,2018-10-15
20319,2017-02-20
29919,2019-10-30
20219,2018-02-20
2047,2007-01-15
2048,2007-01-15
3647,2009-01-11
18999,2017-01-12
20045,2019-03-15
18871,2018-02-01
13931,2017-01-12
30484,1953-09-09
5059,1956-06-15
19003,2017-12-04
26298,2021-01-15
3200,1952-08-12
26299,2021-02-25
11962,2007-12-15
8981,2013-06-07
3432,1963-06-12
30537,1986-09-06
8984,2005-09-30
30193,2021-05-14
19016,2018-12-19
30441,2004-09-15
7534,2012-06-15
19021,2017-11-20
8607,2014-02-11
11537,2007-12-15
11539,2007-12-15
11963,2007-01-15
2137,2011-12-01
18889,2018-01-29
7538,2010-06-15
11964,2007-01-15
11804,1984-06-15
3170,1988-06-15
3169,1988-06-15
19023,2017-11-20
19005,2018-02-22
19004,2018-02-22
30533,1985-10-22
26300,2022-02-15
7540,2011-06-15
2139,2011-12-01
18876,2018-02-09
18877,2018-02-09
3291,1997-02-15
553,1984-10-12
20047,2018-09-30
11547,2014-03-01
6428,2016-06-15
11532,2007-12-15
19022,2018-02-22
19020,2018-02-22
11548,2013-02-22
30595,1999-10-10
30108,2005-05-15
30567,1993-09-10
2136,2011-12-01
9876,2007-01-15
5768,2010-06-15
11540,2007-12-15
11541,2007-12-15
29918,2019-10-30
30561,1991-12-31
4056,1964-12-13
5767,2010-06-15
5860,2009-05-08
30575,1993-12-31
2138,2011-12-01
20046,2019-03-15
21221,2017-02-15
30343,2018-06-20
794,2012-01-13
18881,2019-05-18
7514,2008-06-06
9974,2014-06-15
18888,2018-01-29
5121,2011-12-10
11970,2007-12-15
4711,2010-08-18
10301,2014-03-12
18880,2018-02-09
1909,2010-06-15
30748,2018-08-28
11967,2009-01-10
179,2007-01-15
18879,2018-02-03
11490,2008-02-29
6465,1988-11-30
6464,1988-11-30
10924,1960-05-29
12059,1982-05-11
3695,2013-07-22
10605,2001-02-09
29437,2017-08-08
18890,2018-01-29
20136,2022-04-01
12104,1952-10-15
12105,1952-10-15
12106,1952-10-15
1766,1955-04-01
1765,1955-04-01
12109,1964-04-14
12110,1964-04-14
30541,1987-12-31
10128,1962-11-23
10129,1962-11-23
11970,2007-01-15
18815,2017-11-01
10173,1963-05-25
1467,1985-04-09
4629,1989-06-15
10366,1954-10-05
10365,1954-10-05
8264,1986-06-15
29467,2021-09-12
20133,2019-03-25
30409,1998-10-11
30708,2014-02-06
10364,2007-06-15
19000,2016-12-08
11,1967-05-19
8263,1968-06-05
29857,2021-10-03
10288,2013-07-08
5687,1992-06-15
5688,1992-06-15
20180,2018-02-10
20179,2018-02-10
8429,1958-10-30
28944,2014-11-20
1712,2007-06-15
1714,2007-06-15
30532,1985-04-15
30586,1998-10-15
8198,2011-02-15
8265,2014-01-01
11660,1989-08-08
20140,2020-06-15
20138,2020-06-15
21401,2020-02-19
4619,2013-02-25
1299,2009-06-15
4318,1984-06-15
20131,2018-12-21
21402,2021-03-31
9384,2011-01-01
21405,2021-03-31
1715,2007-06-15
30564,1993-12-31
30448,2006-10-18
6360,2015-02-20
11917,2006-03-15
10184,2011-10-10
5725,2006-03-11
19862,2014-12-18
21404,2020-02-19
21910,2018-12-10
207,1970-06-15
4620,2014-09-30
20138,2019-09-25
20129,2019-09-25
7253,2010-06-15
30526,1985-12-31
30891,2012-04-17
17651,2015-02-20
4617,2013-03-16
20137,2019-10-14
1544,2012-06-15
20139,2020-10-04
21403,2020-02-19
21915,2019-06-15
21911,2018-10-24
20129,2019-02-22
7350,2001-06-15
20407,1992-06-15
6625,2011-11-11
6626,2011-11-03
30890,2013-02-28
21897,2016-11-27
12495,1956-06-15
28943,2016-10-21
3017,2001-01-07
6760,1990-09-23
11489,2009-02-28
3413,1998-03-05
6627,2011-11-03
11488,2008-02-29
20038,2010-11-18
5571,1967-11-20
5570,1967-11-20
6226,1956-12-28
20475,2020-01-23
20476,2020-01-23
2888,1992-11-16
11491,2009-01-15
4387,1954-10-15
11486,2007-12-15
7796,2013-08-16
29883,2020-11-30
29882,2021-10-03
21905,2017-11-04
5046,1952-11-22
5047,1952-11-22
20132,2019-04-01
20143,2022-03-15
7855,1954-11-04
7854,1956-11-15
154,1961-05-19
2856,1962-06-10
9340,1953-10-27
9200,1961-06-13
153,1952-11-01
152,1952-11-01
29578,2000-06-15
29801,2015-07-28
20000,2017-06-30
9669,1963-05-09
9854,2007-06-15
4397,1963-05-25
2691,1966-03-17
20133,2019-04-01
6012,2009-06-15
6498,1966-11-30
29881,2021-12-15
4394,1964-05-29
8036,1953-11-30
8037,1953-11-30
11162,2012-09-26
30231,2018-09-18
20457,2012-10-22
8168,1987-06-15
8167,1987-06-15
9721,2013-09-02
30548,1987-05-08
19789,2019-07-11
20404,1961-11-28
20403,1961-11-28
5808,1992-09-22
2642,2013-11-27
3459,2009-02-24
5807,1988-10-02
30802,1989-01-01
17552,2013-12-14
4310,1990-06-26
8694,1953-10-01
8693,1953-10-01
3335,1956-09-29
3334,1956-09-29
20301,2011-12-08
10159,1990-10-15
30803,1989-01-01
6188,2006-09-15
23221,2020-04-01
6720,1994-06-15
6092,1962-12-13
6091,1962-12-13
23222,2021-04-01
1417,2011-12-11
20353,1952-11-12
20352,1952-11-12
20354,1952-11-12
30300,2017-10-16
18793,2018-09-16
30305,2015-10-29
6187,2010-09-27
2684,1995-01-20
2683,1995-01-20
4476,1963-12-15
4035,1960-06-08
17574,2013-12-15
7601,1965-10-15
7602,1965-10-15
20351,2005-06-15
17575,2013-12-15
30301,2017-08-31
29439,2018-04-20
7145,2014-11-02
5056,1967-05-08
5115,1974-11-19
8175,2011-10-31
2460,2006-11-10
4567,1958-12-31
4640,1959-03-15
30486,1959-03-15
4481,1989-10-31
21292,2018-03-12
4356,2007-02-15
3030,2013-11-15
3892,1964-06-06
6539,1953-10-01
6540,1953-10-01
4480,1990-01-25
21293,2018-03-12
10664,1963-11-16
10665,1963-11-16
19897,2015-10-20
2081,1966-10-21
2080,1966-10-21
30653,2010-06-28
12227,1952-11-07
12228,1952-11-07
12226,1952-11-07
30505,1983-12-31
8745,1987-10-15
30015,2015-12-15
1987,1986-04-09
5904,1962-06-15
5905,1962-06-15
30013,2017-03-15
10666,1966-05-19
10530,2000-10-19
4357,2009-02-15
9668,2009-02-02
11398,1950-12-31
12048,1967-02-27
12047,1967-02-27
10662,1967-03-06
19881,2016-10-20
10427,1962-12-07
1950,1966-11-25
1949,1966-11-25
19900,2016-10-21
20410,1957-07-20
9494,1997-11-15
9495,1997-11-15
8314,1959-11-15
8315,1959-11-15
6297,2013-02-25
5234,1949-06-15
5232,1949-06-15
11112,1964-03-11
11113,1964-03-11
29298,2020-09-30
19876,2017-10-08
2960,2000-03-31
8919,1967-01-11
9227,1964-11-01
9224,1964-11-01
29492,2019-11-05
18796,2018-09-17
6294,2013-12-15
6296,2013-12-15
10733,1968-03-08
10732,1968-03-08
12505,1997-02-15
4927,2013-02-16
4929,2013-02-16
4939,2015-03-20
4938,2014-03-12
19986,2019-03-01
29441,2017-11-18
12506,1997-02-15
346,2012-06-15
20190,2013-02-05
19879,2015-11-02
5140,1986-06-15
27459,2021-10-23
20187,2012-11-22
20622,2019-03-02
29442,2017-09-28
20189,2013-02-05
29440,2018-01-10
7291,1987-02-15
949,1983-06-15
251,1997-01-30
252,1997-01-30
2959,1999-11-07
29297,2019-01-28
27460,2021-01-20
19874,2014-12-18
2545,1974-06-15
27457,2021-10-23
190,1961-04-30
3365,1965-06-21
8407,1963-10-25
8408,1963-10-25
2087,1985-12-15
5653,1964-10-12
29446,2019-11-09
740,1961-02-20
741,1961-02-20
742,1961-02-20
743,1961-02-20
2290,1974-11-22
2468,1987-09-08
1924,1983-06-15
11702,1958-04-11
7583,1965-01-07
7582,1965-01-07
4928,2013-02-15
21777,2010-06-15
4924,2013-03-15
5528,1991-12-15
5529,1991-12-15
4932,2013-02-18
20009,2020-01-23
20007,2020-01-23
20008,2020-01-23
19933,2012-10-01
7840,1967-03-03
7839,1967-03-03
4037,1964-05-14
4036,1964-05-14
4936,2013-02-21
11600,1965-08-02
11601,1965-08-02
6686,1959-12-04
6685,1959-12-04
3957,1964-10-26
3958,1964-10-26
4940,2015-02-21
3975,1985-06-15
19932,2012-10-01
9221,1963-11-20
9220,1963-11-20
1771,1965-11-24
1770,1965-11-24
531,1955-12-28
2869,1967-05-15
4926,2013-02-15
29445,2020-02-14
6150,1982-05-15
4923,2013-02-21
762,1959-11-28
5144,1958-10-01
5145,1958-10-01
7563,2006-03-15
19973,2006-04-15
5927,1963-03-16
5926,1963-03-16
29443,2020-01-30
20609,2018-10-17
7404,1977-06-15
1564,1961-05-16
3123,1965-11-24
766,1958-10-18
768,1958-10-18
767,1958-10-18
20274,2011-12-08
20273,2011-12-08
10652,1992-06-15
11422,1970-06-15
11423,1970-06-15
11308,2011-01-18
10725,1997-01-29
10722,1997-01-29
10651,1989-09-04
6105,1962-10-20
6104,1962-10-20
12587,1996-01-31
12586,1996-01-31
5051,2011-01-18
6107,1964-01-09
6106,1964-01-09
4933,2013-03-14
7147,1954-10-02
7148,1954-10-02
20610,2019-01-22
20609,2019-01-22
4930,2013-03-14
4931,2013-02-16
17584,2017-10-25
21390,2018-03-21
11504,1980-01-15
4875,1953-11-06
4874,1953-11-06
10937,2007-06-15
5993,2000-03-24
8431,1954-02-10
20511,2019-12-12
20510,2019-12-12
20512,2019-11-30
17585,2013-12-12
10938,2007-06-15
19785,2019-06-27
1198,1963-06-04
1680,2008-06-15
7922,1990-08-02
8437,1948-06-30
19928,2014-11-20
6425,2002-12-03
6426,2002-12-03
1914,1957-10-25
1913,1957-10-25
8441,1952-03-15
10623,2013-01-31
20275,2011-12-08
461,1968-06-15
460,1968-06-15
1563,1961-09-25
4934,2014-01-27
4212,1957-10-02
17581,2015-04-01
7004,1983-06-15
30773,1953-01-01
19939,2013-12-13
12602,1958-06-15
2292,1974-12-27
19838,2014-11-20
8995,1975-06-15
30801,1987-01-01
17570,2013-02-05
17567,2013-02-05
17579,2013-12-11
17578,2013-12-11
4935,2014-01-30
12131,1964-06-16
1487,2000-01-31
1485,2000-01-31
19947,2011-02-03
2281,1967-01-22
2280,1967-01-22
2759,1986-04-10
11381,1956-11-28
30784,1968-01-01
2278,2011-11-26
2279,2011-11-26
22890,2018-09-20
17571,2013-12-12
5017,1982-10-14
9622,1986-11-17
21771,2011-07-23
2179,1951-11-10
23188,2013-09-11
22892,2008-08-28
6948,1968-09-15
2268,2006-02-09
2264,2006-02-09
30042,2023-02-09
23187,2000-07-25
22894,2013-09-11
20852,2004-06-15
4799,2005-10-25
17568,2012-12-03
30907,2015-08-11
18758,2015-02-20
18757,2015-02-20
17568,2013-02-05
23184,2014-06-18
2282,1995-11-20
6698,2007-11-23
6699,2007-11-23
9205,2007-04-07
9206,2007-04-07
11383,2000-02-17
2956,2015-02-19
2955,2015-02-19
816,2003-01-24
20966,2012-06-04
388,2002-11-21
390,2002-11-21
389,2002-11-21
1849,1989-10-30
4947,2013-05-31
23192,2015-09-20
1789,1975-01-15
6650,1960-10-31
2767,2010-06-30
13337,1971-03-12
13336,1971-03-12
7482,2013-09-17
4809,2002-01-29
4803,2002-01-29
848,2012-02-03
846,2012-02-03
11760,1986-11-19
11761,1986-11-19
3731,2009-06-15
3732,2009-06-15
3736,2009-06-15
13841,2015-11-23
19409,2016-12-21
845,1955-10-15
844,1955-10-15
11961,1997-02-03
4235,1998-09-15
3654,2006-09-01
8169,1994-12-03
796,1982-06-15
7483,2013-09-09
30740,2018-02-22
3766,1961-11-20
4812,1999-12-31
4814,1999-12-31
2760,1990-11-26
10252,2004-09-30
18791,2018-02-11
20851,2004-06-15
6300,2012-12-30
10256,2006-11-30
10262,2011-12-02
21241,1964-01-01
4007,2006-11-22
6299,2012-12-30
10243,1961-01-16
11764,1966-09-02
6301,2013-03-04
5521,2012-12-01
4803,2001-11-02
4806,2001-11-02
11699,2005-11-22
21835,2010-12-15
10249,2006-06-15
847,2012-02-03
30636,2007-09-28
11763,1966-09-02
20198,2010-11-29
10307,2009-06-15
20026,2013-12-13
7484,2012-06-20
11836,1973-06-15
11763,1966-04-26
11762,1985-06-15
1825,1966-11-08
1824,1966-11-08
21240,1964-06-15
11907,2002-07-01
19950,2011-02-03
21813,2018-09-17
30406,1997-09-12
17590,2012-11-18
3908,2000-10-18
30808,1993-01-01
20879,2019-09-22
20869,2016-03-03
4674,1967-04-19
9696,2001-12-05
6951,2010-12-13
11690,1990-11-24
4675,1966-12-18
30477,2019-09-22
829,2010-12-21
5477,2013-01-22
30483,1953-12-31
19951,2011-03-15
19949,2011-03-15
19947,2011-03-15
5850,2004-02-21
5851,2004-02-21
3907,2001-03-01
20696,1982-06-15
5843,1975-03-30
3439,2013-01-18
3438,2013-01-18
7196,2001-02-22
2770,2009-06-15
3834,1973-06-15
3833,1973-06-15
20631,2018-10-05
21811,2018-10-05
8592,2008-02-21
8591,2008-02-21
8770,1952-10-15
8771,1952-10-15
7197,2000-02-17
7195,2000-02-17
842,1960-05-01
3438,2012-10-09
5479,2014-02-27
20874,2018-04-22
7546,2011-09-14
1374,2001-02-22
1375,2001-02-22
30848,2008-01-01
20872,2017-04-16
9064,2006-01-23
9067,2006-01-23
20867,2015-09-15
20155,2006-12-15
22398,2012-01-15
1853,1966-08-15
1855,1966-08-15
1854,1966-08-15
53,1990-06-15
6531,1968-05-28
1534,1973-06-15
17569,2013-02-05
3830,1975-06-15
6536,2002-07-01
783,1946-05-01
30873,2011-03-11
5855,2003-01-14
10268,1982-06-15
19964,2018-10-24
9069,2006-09-21
9064,2006-09-21
5475,1973-04-23
8366,2008-06-21
8368,2008-06-21
4828,2014-09-30
4847,1992-10-17
4846,1963-06-15
17658,2013-02-12
3904,1996-12-17
18820,2018-02-07
18830,2018-02-08
18832,2018-02-08
30598,2004-10-12
21998,2018-09-14
905,2011-12-02
10431,1974-06-15
20835,2012-09-30
2745,2011-01-23
2744,2011-01-23
5706,2014-09-15
20881,2020-09-15
20819,2004-02-14
2267,2005-12-01
20600,1981-12-07
3790,1966-03-09
3789,1966-03-09
2746,2011-01-23
2273,2006-02-28
2268,2006-02-28
20641,1999-01-06
20640,1999-01-06
2747,2011-01-23
30816,1998-09-30
20070,2019-01-30
1437,1978-01-31
20873,2017-09-30
10093,2013-06-15
17655,2013-02-12
10418,1972-04-15
30719,2016-05-18
20836,2008-08-17
1438,1978-05-31
3135,2014-09-30
5707,2014-09-30
5195,2007-01-17
5194,2007-01-17
5196,2007-01-17
24330,2015-11-24
22081,2020-09-28
20856,2004-06-15
17656,2013-02-12
561,1967-05-15
4386,2001-03-01
9671,2002-10-18
822,2012-06-15
2671,1997-12-15
8730,1997-02-05
8724,1997-02-05
20162,2010-12-15
20163,2010-12-15
13843,2015-11-23
21740,2016-06-22
22889,2016-06-23
3915,1980-12-15
24329,2013-07-26
30700,2015-05-02
18833,2018-02-08
18831,2018-02-08
7198,2001-02-21
20843,2015-07-31
3049,1954-11-23
30788,1975-01-01
2370,2001-03-10
21979,2018-11-03
21981,2018-11-03
9350,1955-11-23
17659,2015-10-22
21980,2019-01-11
21979,2019-01-11
21981,2019-01-11
30814,1998-09-30
30791,1983-01-01
11602,1958-10-17
8987,1980-01-15
1484,2000-03-13
30798,1986-01-01
5568,2016-09-30
7784,2007-01-26
986,1993-02-17
982,1993-02-17
8279,1961-02-02
2066,1961-02-02
11010,1958-10-17
30729,2017-01-01
985,1993-02-25
987,1993-02-25
5680,1976-06-15
21718,2014-10-01
13381,2011-12-13
5460,2008-11-30
951,1996-02-10
950,1996-02-10
2257,1981-12-07
1406,2016-09-30
11753,1961-05-16
18899,2016-09-15
11716,2000-12-15
6263,1999-09-20
11469,1971-11-15
5162,1974-09-30
30799,1986-01-01
19386,2008-09-10
620,2008-12-18
622,2008-12-18
982,1992-11-27
8867,1990-09-14
18803,2018-06-25
1772,1963-11-16
5271,1995-11-01
1773,1963-11-16
981,1993-02-17
10741,1971-09-15
619,2008-02-18
20859,2004-06-15
20844,2014-06-16
5295,1975-06-15
21757,2015-07-14
3148,1998-09-25
3450,2001-03-16
11109,2005-06-15
11108,2005-06-15
18783,2018-09-30
5277,1983-02-07
5163,1973-09-11
17588,2013-02-11
30844,2007-10-29
20673,2021-01-29
8731,1996-11-21
17599,2017-01-17
13916,2012-10-01
10612,1976-06-15
621,2008-12-18
21297,2009-09-22
501,1956-04-20
500,1956-04-20
7449,2000-12-31
4321,1976-06-15
11656,1994-07-22
2881,1981-06-15
2880,1981-06-15
20636,2018-09-25
30864,2010-03-08
5717,2015-10-10
20975,2019-09-22
18824,2018-02-02
18826,2018-02-02
30829,2003-04-15
30849,2008-04-12
9450,1963-06-18
988,1992-11-14
8288,1992-11-14
17597,2017-01-17
17598,2017-01-17
20995,2015-06-23
7830,1974-06-15
21352,2017-09-27
20854,2004-06-15
13856,2017-01-01
30831,2003-10-15
3146,1995-09-13
21814,2012-08-14
13855,2017-01-01
30040,2023-02-12
30039,2023-02-12
2877,2014-09-30
1100,1963-04-26
3858,1995-10-10
20577,2019-10-09
1333,2013-12-14
1332,2013-12-14
13343,2014-06-18
11502,1960-10-17
11501,1960-10-17
11500,1960-10-17
18835,2018-12-31
5885,1994-09-16
30839,2005-03-15
30845,2007-10-25
9935,2003-09-15
2415,2002-02-18
21744,2009-08-05
2416,2007-02-15
20581,2019-09-14
5294,1996-06-15
11552,1981-06-15
11553,1981-06-15
13845,2016-10-30
20826,2005-06-29
20827,2005-06-29
2245,1965-06-25
5465,2002-02-28
7019,1982-06-15
7505,2003-08-15
17596,2017-01-17
1054,2011-11-29
1052,2011-11-29
8732,1996-10-31
5445,1963-06-15
5444,1963-06-15
19700,1966-03-18
19699,1966-03-18
5971,2006-01-26
5972,2006-01-26
10084,2013-06-15
17591,2015-01-17
8717,1964-05-20
9287,1995-09-26
1053,2011-11-21
1055,2011-11-21
4038,1967-06-15
13850,2021-01-14
6405,2011-08-26
13847,2016-10-22
21306,2016-10-22
7831,1980-03-30
13853,2017-11-21
13848,2020-11-15
7613,1969-05-25
3202,1965-06-30
3201,1965-06-30
13852,2017-12-06
8289,1993-02-25
8287,1993-02-25
7932,1998-10-27
23196,2011-09-14
21743,2015-07-15
20997,2015-08-31
1921,1999-12-15
10717,1991-12-30
7299,2008-11-18
18825,2018-02-02
18823,2018-02-02
10026,1997-06-15
30827,2002-05-17
6819,1971-05-24
8107,2003-06-15
1056,2014-05-15
30428,2001-05-09
2848,1958-06-15
21711,2011-07-01
10817,1963-05-08
9674,1962-05-08
3387,2002-06-30
6838,1957-11-04
6839,1957-11-04
30405,1997-01-01
20976,2020-09-18
1230,2016-09-20
23208,2021-09-24
13849,2020-12-03
3195,1976-06-15
6190,2008-10-21
870,1989-06-15
13858,2016-12-22
2386,2008-06-23
30418,1999-01-01
30819,1999-01-01
2172,1968-05-17
9451,1965-05-25
3811,2016-09-30
21764,2015-07-09
4299,1964-05-21
753,2012-11-06
9011,1975-06-15
9012,1974-06-15
4527,1983-09-13
10814,2004-02-24
10815,2004-02-24
30908,2015-04-01
6460,1980-06-15
6486,1964-05-20
12067,1984-09-15
254,1988-06-15
255,1988-06-15
19623,1959-05-31
2865,1997-02-05
3381,1966-05-09
10494,1986-06-15
23250,2022-11-15
9834,1984-11-12
23030,2009-08-21
10167,1982-06-15
10166,1982-06-15
481,1969-05-25
20832,2007-09-23
20629,2007-09-23
20833,2007-09-23
21299,2016-06-15
21758,2011-07-24
10397,2012-10-25
20845,2014-06-22
38,1997-09-09
9894,1955-10-15
9893,1955-10-15
30443,2004-01-01
20884,2016-08-25
22407,2015-07-15
5124,2012-04-06
30876,2011-06-19
6885,1974-06-15
5126,2011-01-21
20861,2004-06-15
3117,2006-12-15
7751,2001-02-12
20656,2004-10-15
22954,2012-07-12
1361,1961-12-14
1362,1961-12-14
21562,2017-12-22
21563,2017-12-22
21708,2016-06-21
13403,2007-06-29
10479,2014-08-15
22737,2016-04-01
30865,2010-01-01
7752,2001-03-15
8244,2017-09-15
9003,2002-02-12
13422,2010-12-17
2677,1966-10-10
2626,1975-06-15
7794,1964-11-15
22791,2015-06-11
6201,1965-06-15
6200,1965-06-15
13405,2006-08-30
6616,2006-12-15
2171,2007-02-15
6186,1997-02-13
6185,1997-02-13
3068,2007-02-15
3067,2007-02-15
23024,2018-09-03
23058,2009-07-09
22963,2017-09-05
25342,2021-10-14
733,1966-11-18
11852,2003-06-15
20685,2019-09-25
10376,1973-06-15
13453,2007-01-25
2204,2011-12-15
4142,1967-06-15
4992,1961-12-18
4993,1961-12-18
1203,1973-06-15
1202,1973-06-15
2842,2012-12-21
8935,2014-06-10
13391,2007-01-31
2841,2012-12-21
483,1969-06-15
23018,2015-06-29
1846,1964-10-26
1845,1964-10-26
1121,2013-06-21
8676,2000-06-15
875,1967-06-15
30777,1961-01-01
13448,2011-09-09
13416,2006-11-08
18954,2017-10-15
21696,2014-10-04
8307,2014-06-19
22958,2018-07-05
13880,2017-02-03
23001,2014-06-25
20993,2015-04-30
30433,2002-01-01
6683,2016-09-30
10374,2002-09-15
10489,2018-06-30
20947,2014-12-11
7032,1962-06-15
30471,2014-01-15
21473,2014-09-15
8882,1986-06-15
23044,2009-07-15
20738,2013-12-03
23000,2013-08-26
20580,2019-02-08
20945,2014-11-06
22981,2015-09-08
3960,2010-09-07
3959,2009-11-05
22979,2015-09-09
10563,1962-04-15
20792,2008-09-15
22972,2016-06-17
22960,2013-07-30
22957,2017-06-21
3261,1969-10-15
663,2016-09-30
3714,1970-06-15
7669,1963-11-05
7668,1963-11-05
30430,2001-10-22
13907,2016-03-03
13889,2016-12-21
21309,2016-12-21
22956,2015-07-01
21476,2015-01-27
21694,2009-06-20
22940,2013-08-26
9052,2007-07-15
21343,2013-07-31
22938,2017-06-29
18952,2017-10-08
20723,2009-11-10
7144,1958-06-15
20729,2009-09-15
11932,1984-08-09
21695,2014-10-06
30780,1962-10-10
9625,1967-05-28
13908,2017-12-17
13898,2017-03-21
13902,2017-03-21
13880,2017-03-21
13867,2017-03-21
24346,2008-11-17
13891,2016-09-30
20810,2011-10-15
6694,1964-06-15
24393,2012-09-20
9435,1964-03-28
9436,1964-03-28
9437,1964-03-28
10524,1997-01-31
13896,2017-02-03
20704,2016-11-15
22562,2011-10-20
22136,2021-12-31
22135,2021-12-31
20761,2011-02-11
13902,2017-02-11
13880,2017-02-11
13907,2017-02-11
7649,1964-11-25
6770,2004-03-15
6769,2004-03-15
22908,2015-06-09
13874,2016-01-04
22937,2015-07-14
19935,2008-09-30
6675,1959-10-29
6674,1959-10-29
8737,1960-06-16
30910,2015-11-10
10192,1970-06-15
10193,1970-06-15
8,1972-04-17
1132,1965-05-18
2779,1955-11-01
2789,1955-11-01
20757,2010-09-15
22924,2015-07-13
22925,2016-07-05
2101,2004-06-15
3969,2004-09-18
13895,2017-12-31
22919,2012-08-07
13862,2016-04-30
18916,2017-12-21
18914,2017-12-21
10155,1969-06-15
10154,1969-06-15
4893,1962-11-15
30776,1961-01-01
13910,2017-12-17
13893,2017-09-30
9,1962-06-15
22905,2011-11-02
7,1971-12-10
7844,1963-11-20
7843,1963-11-20
20775,2012-11-15
20778,2012-11-15
6903,2016-06-21
20692,2020-06-26
29185,2022-09-22
1871,1971-10-15
1870,1971-10-15
13896,2016-10-12
22968,2013-08-22
13909,2017-12-13
13876,2016-01-09
3441,1984-06-15
8894,1963-06-15
8893,1963-06-15
7851,2005-03-30
7850,2005-03-30
12559,1967-04-26
19542,2006-05-01
10884,2003-06-15
13907,2017-02-03
2422,1963-10-13
13865,2017-03-21
2680,2007-08-16
21364,2015-11-12
21387,2003-02-01
8740,1962-06-25
13881,2016-01-22
13877,2016-11-10
23248,2021-10-21
356,2003-03-11
21387,2003-03-11
21384,2003-03-11
3442,1984-06-15
9577,2010-06-15
9578,2010-06-15
4398,1962-05-10
313,1970-06-15
11269,1968-06-29
353,2004-12-15
2484,1963-05-14
7208,1972-05-15
19372,1961-02-11
355,2005-09-30
20670,1962-06-01
20669,1962-06-01
13901,2017-02-11
12124,2004-09-23
11312,1960-11-03
11313,1960-11-03
9341,1981-09-04
19374,1960-12-02
20663,2019-09-30
12121,2003-12-10
354,2005-09-30
3158,1974-09-30
9137,2015-10-08
13870,2015-11-14
3460,1981-06-15
3461,1981-06-15
9135,2016-11-13
2756,1964-11-21
2755,2011-02-15
2985,1995-03-20
12122,2006-11-14
3345,1974-12-05
3344,1974-12-05
3207,2007-11-02
3208,2007-11-02
550,2008-06-15
3221,1960-10-15
3222,1960-10-15
3223,1960-10-15
12120,2002-11-08
21367,2016-08-19
30130,2014-09-08
10940,2003-02-12
668,2015-02-28
430,1972-06-15
29436,2022-09-22
3407,1984-06-15
22872,2017-08-07
8897,1996-08-20
10343,1969-06-15
13892,2017-10-09
24362,2013-06-01
30062,2019-09-02
21368,2010-10-17
24376,2016-09-13
1379,1963-05-31
2986,1996-09-23
5674,2006-12-31
5042,1995-10-11
10279,2009-11-23
11703,1999-09-23
11795,1969-05-13
13933,2018-11-16
13934,2017-09-29
11622,2012-05-09
13932,2016-11-30
21442,2018-10-07
1173,1966-05-06
5063,1963-06-15
9177,2004-12-10
30118,2012-09-26
21355,2016-11-13
1725,2007-06-15
8758,2017-09-04
2656,1962-06-01
2655,1961-11-08
30688,2012-04-24
7434,1991-09-13
22781,2006-09-18
5796,2001-06-15
22192,2016-07-01
22195,2020-12-08
22196,2020-12-08
5797,2001-06-15
886,2002-01-15
8757,2015-08-24
659,1993-04-10
3563,1983-11-19
1174,1974-06-15
7689,2013-12-15
661,1999-04-15
9727,1960-12-29
23318,2008-09-15
7086,1966-06-15
7085,1966-06-15
30905,2015-01-01
882,2002-01-15
9057,1971-06-15
8400,1969-06-15
30786,1973-01-01
6813,1994-10-15
3522,1984-05-15
8759,2017-08-21
2638,1994-06-15
6298,1968-05-28
20698,2018-10-15
30833,2007-01-01
23323,2011-10-15
29435,2022-12-21
1856,1999-06-15
30877,2011-01-01
314,1968-03-07
20699,2020-09-30
8760,2016-11-01
1334,1963-05-17
512,2008-03-16
23159,2011-11-10
23174,2018-08-12
21686,2015-04-18
30528,1985-04-12
3521,2002-07-01
23157,2002-08-19
9576,1967-12-22
23356,2004-12-15
23165,2018-08-22
7092,1997-09-29
22072,2018-09-12
9316,1964-01-15
9317,1964-01-15
22836,2006-05-30
20702,2019-10-31
23078,2018-07-12
23083,2015-08-03
10341,1971-06-15
3964,1961-06-09
23115,2017-09-14
30782,1964-01-01
20626,2020-11-12
22835,2009-07-30
22061,2009-09-15
21397,2016-04-13
21441,2018-08-08
23154,2018-06-25
30915,2016-02-26
23156,2016-06-17
22810,2015-08-04
23062,2006-11-19
22691,2008-06-15
23096,2010-09-29
2093,2007-01-15
4122,1973-06-21
22815,2010-08-03
22045,2015-12-01
22808,2016-09-02
4147,1966-09-22
22809,2018-07-10
23169,2007-06-29
22583,2014-05-08
23092,2015-06-25
22630,2017-08-06
8218,2009-12-22
10218,1991-03-19
1633,2010-06-05
24436,2013-08-01
9489,1978-12-31
1618,2015-09-06
1626,2005-09-30
23272,2010-11-15
23137,2007-07-03
23142,2018-08-05
5990,2012-07-26
21874,2018-09-14
21456,2016-06-21
21849,2015-05-21
30936,2020-05-16
6649,1960-11-26
30842,2006-10-14
20603,2019-04-11
6832,2000-07-21
7773,1960-11-30
18958,2016-03-31
1502,2005-10-15
18962,2015-10-17
1637,2013-11-18
1841,1969-09-30
20979,2019-10-07
30933,2020-05-16
9353,2008-07-17
22848,2010-07-07
20591,2019-07-08
23060,2004-06-14
8852,1983-06-15
5484,2001-06-15
5486,2001-06-15
7177,1963-06-13
30937,2020-05-16
20595,2017-06-15
18966,2018-06-15
20598,2018-12-06
7360,1984-06-15
20968,2019-11-04
23134,2018-08-03
18964,2016-09-30
1628,2006-05-13
1732,1991-10-09
30938,2020-05-16
1635,2011-06-30
20967,2019-11-15
6212,1966-06-30
20597,2016-06-15
21454,2015-04-16
21616,2014-09-15
21622,2020-12-08
18965,2017-09-08
1616,2012-09-30
1636,2012-09-30
8134,2009-09-30
30858,2009-11-10
738,2006-05-13
1617,2009-11-19
22698,2017-07-25
4050,2000-09-25
5485,2001-06-15
1634,2010-11-30
30885,2012-03-08
4680,1964-06-15
21004,2017-10-01
21005,2017-10-01
21639,2016-06-15
30901,2015-03-06
26056,2022-09-08
21875,2015-05-14
4202,1969-04-20
4201,1969-04-20
1638,2014-07-20
5188,1945-03-26
17542,2017-02-17
10849,2003-12-15
6379,1986-07-01
7158,2006-12-15
8913,2002-04-01
4057,1967-06-12
7163,1982-06-15
13096,1965-10-12
13095,1965-10-12
1521,1970-06-15
3369,1966-06-30
11117,1963-10-18
3742,2005-11-15
20546,2017-04-04
20547,2017-04-04
13044,1965-10-11
13045,1965-10-11
13043,1965-10-11
1166,1984-12-31
1167,1984-12-31
5074,2006-05-31
8071,1978-06-15
13100,1965-11-09
13099,1965-11-09
9953,2002-09-30
13114,1966-05-25
13113,1966-05-25
5072,2003-05-31
3685,1967-06-07
5073,2004-12-31
9975,1969-06-15
11661,1968-06-02
1335,1958-10-02
21850,2010-08-19
7126,2006-06-15
1303,1963-06-10
8486,1959-11-06
21047,2016-09-30
21048,2016-09-30
2085,1958-09-30
2084,1958-09-30
21049,2017-11-12
9302,1959-06-10
2622,1956-11-15
11461,2014-02-02
11050,1965-12-09
11051,1965-12-09
20668,2021-10-04
7059,1966-05-20
8200,1966-05-20
4263,1995-07-15
21851,2016-07-27
21889,2016-07-07
30580,1995-11-04
9653,1985-03-30
30857,2009-11-14
6407,1969-01-01
7227,1998-04-15
30861,2009-11-10
21012,2015-02-27
21013,2015-02-27
926,1998-05-15
4388,2009-10-21
21009,2015-06-15
21010,2015-06-15
9925,1962-10-26
21847,2014-11-13
21848,2014-11-13
21827,2016-09-30
21828,2016-09-30
21006,2015-06-10
21007,2015-06-10
30888,2013-10-30
3980,2009-06-15
21938,2018-10-14
30479,2019-05-02
3215,2002-10-15
4226,1973-10-15
8017,1960-12-15
21480,2016-05-12
11314,1944-06-15
11315,1944-06-15
21601,2017-05-27
21580,2018-10-23
9055,1960-12-15
8012,1968-05-23
21577,2017-09-30
21578,2018-06-01
5499,1966-12-06
5500,1966-12-06
9992,1972-07-01
9993,1972-07-01
10323,1964-10-25
9990,1967-11-02
9989,1967-11-02
30520,1984-12-31
8220,2011-06-15
8221,2011-06-15
8222,2011-06-15
30771,2020-03-03
3418,1967-05-26
21953,2018-06-06
7050,1965-06-17
30768,2020-05-11
4701,1959-09-29
7051,1965-06-17
9881,1990-12-31
30731,2017-05-05
30664,2010-05-28
30767,2020-05-12
30752,2018-10-24
30713,2015-10-03
30607,2002-03-05
4601,2012-06-15
30742,2017-12-07
4603,2012-06-15
30689,2013-05-31
30631,2008-06-29
30659,2010-03-25
30643,2008-09-15
30420,1999-09-26
30918,2017-09-30
30669,2010-02-08
30919,2017-09-30
22201,2021-10-01
22200,2021-05-02
20542,2019-09-30
10823,2010-05-15
30473,2015-04-28
10824,2013-05-02
30472,2014-04-28
10826,2012-05-18
30743,2018-08-03
30721,2016-07-28
30478,2019-05-14
30476,2018-05-17
30475,2016-07-28
30766,2020-08-20
30442,2004-04-14
13165,1988-12-31
13333,1971-05-31
13332,1971-05-31
13227,1987-05-31
13226,1987-05-31
30619,2005-05-05
12696,1966-09-01
13367,1973-02-28
13368,1973-02-28
6143,2009-06-13
1602,1966-06-10
653,1960-06-10
652,1960-06-10
1604,1968-05-21
1603,1967-06-04
30694,2014-05-30
1601,1965-06-01
2603,2012-11-15
26657,2022-06-30
2601,2012-11-15
2602,2012-11-15
13513,1986-03-31
21761,2021-12-31
9148,1968-05-02
13326,1968-11-29
13325,1968-11-29
13495,1986-06-30
12653,2007-04-17
13489,1991-09-30
13946,2011-06-08
19068,2016-02-29
18977,2019-09-30
26591,2021-11-15
19065,2016-11-30
10547,1967-11-15
10546,1967-11-15
19066,2016-11-30
19067,2016-11-30
13029,1987-11-24
13028,1987-11-24
6975,1969-06-15
6974,1969-06-15
26491,2021-11-15
13071,1987-01-31
3978,2012-11-30
9734,1970-12-15
6936,2014-09-30
19069,2016-02-29
