NameCode,Scientific,CurrentPLANTSCode,GrowthHabit,GrowthHabitSub,Duration,Nonnative,Invasive
2FA1,,,,,,,
2FA2,,,,,,,
2FA3,,,,,,,
2FERN1,,,,,,,
2FP1,,,,,,,
2FP2,,,,,,,
2FP3,,,,,,,
2GA1,,,,,,,
2GP1,,,,,,,
2GP2,,,,,,,
2SHRUB1,,,,,,,
2SUBS1,,,,,,,
32,,,,,,,
AAFF,,,,,,,
AAFF1,,,,,,,
AAFF2,,,,,,,
AAFF3,,,,,,,
AAFF4,,,,,,,
AAFF5,,,,,,,
AAFF6,,,,,,,
AAGG,,,,,,,
ACAG,,,,,,,
ACCO2,,,,,,,
ACSP11,,,,,,,
ADFA,,,,,,,
AF-013,,,,,,,
AF-014,,,,,,,
AF-015,,,,,,,
AF-060,,,,,,,
AF00,,,,,,,
AF000,,,,,,,
AF00000,,,,,,,
AF002,,,,,,,
AF01,,,,,,,
AF010,,,,,,,
AF01000,,,,,,,
AF01001,,,,,,,
AF01002,,,,,,,
AF01006,,,,,,,
AF01010,,,,,,,
AF01013,,,,,,,
AF01015,,,,,,,
AF01027,,,,,,,
AF01035,,,,,,,
AF01110,,,,,,,
AF02,,,,,,,
AF02000,,,,,,,
AF02002,,,,,,,
AF02004,,,,,,,
AF02011,,,,,,,
AF02013,,,,,,,
AF02015,,,,,,,
AF02020,,,,,,,
AF02028,,,,,,,
AF02033,,,,,,,
AF02044,,,,,,,
AF02061,,,,,,,
AF02114,,,,,,,
AF02136,,,,,,,
AF02146,,,,,,,
AF02202,,,,,,,
AF02522,,,,,,,
AF02803,,,,,,,
AF03,,,,,,,
AF03000,,,,,,,
AF03001,,,,,,,
AF03002,,,,,,,
AF03005,,,,,,,
AF03006,,,,,,,
AF03007,,,,,,,
AF03033,,,,,,,
AF03034,,,,,,,
AF03075,,,,,,,
AF04,,,,,,,
AF04000,,,,,,,
AF04001,,,,,,,
AF04004,,,,,,,
AF04005,,,,,,,
AF04006,,,,,,,
AF04008,,,,,,,
AF04010,,,,,,,
AF04012,,,,,,,
AF04048,,,,,,,
AF04053,,,,,,,
AF04057,,,,,,,
AF04061,,,,,,,
AF04254,,,,,,,
AF04442,,,,,,,
AF05,,,,,,,
AF05000,,,,,,,
AF05006,,,,,,,
AF05007,,,,,,,
AF05009,,,,,,,
AF05011,,,,,,,
AF05016,,,,,,,
AF05017,,,,,,,
AF05019,,,,,,,
AF05020,,,,,,,
AF05021,,,,,,,
AF05023,,,,,,,
AF05026,,,,,,,
AF05027,,,,,,,
AF05029,,,,,,,
AF05034,,,,,,,
AF05036,,,,,,,
AF05037,,,,,,,
AF05044,,,,,,,
AF05048,,,,,,,
AF05077,,,,,,,
AF05079,,,,,,,
AF05105,,,,,,,
AF05108,,,,,,,
AF05113,,,,,,,
AF05125,,,,,,,
AF05134,,,,,,,
AF05138,,,,,,,
AF06,,,,,,,
AF06000,,,,,,,
AF06001,,,,,,,
AF06004,,,,,,,
AF06007,,,,,,,
AF06009,,,,,,,
AF06011,,,,,,,
AF06012,,,,,,,
AF07,,,,,,,
AF07000,,,,,,,
AF07001,,,,,,,
AF07003,,,,,,,
AF07005,,,,,,,
AF07006,,,,,,,
AF07008,,,,,,,
AF07009,,,,,,,
AF07010,,,,,,,
AF07023,,,,,,,
AF07025,,,,,,,
AF07131,,,,,,,
AF08,,,,,,,
AF08000,,,,,,,
AF08011,,,,,,,
AF08015,,,,,,,
AF08023,,,,,,,
AF08033,,,,,,,
AF08036,,,,,,,
AF08044,,,,,,,
AF08045,,,,,,,
AF08052,,,,,,,
AF08053,,,,,,,
AF08254,,,,,,,
AF09,,,,,,,
AF09000,,,,,,,
AF09001,,,,,,,
AF09002,,,,,,,
AF09003,,,,,,,
AF09004,,,,,,,
AF09006,,,,,,,
AF09007,,,,,,,
AF09009,,,,,,,
AF09012,,,,,,,
AF09015,,,,,,,
AF09016,,,,,,,
AF09020,,,,,,,
AF09022,,,,,,,
AF09023,,,,,,,
AF09025,,,,,,,
AF09028,,,,,,,
AF09038,,,,,,,
AF09056,,,,,,,
AF09057,,,,,,,
AF09089,,,,,,,
AF09096,,,,,,,
AF09104,,,,,,,
AF09112,,,,,,,
AF09113,,,,,,,
AF09114,,,,,,,
AF10,,,,,,,
AF10000,,,,,,,
AF10001,,,,,,,
AF10002,,,,,,,
AF10003,,,,,,,
AF10004,,,,,,,
AF10005,,,,,,,
AF10006,,,,,,,
AF10012,,,,,,,
AF10013,,,,,,,
AF1002,,,,,,,
AF10020,,,,,,,
AF1006,,,,,,,
AF1008,,,,,,,
AF101,,,,,,,
AF1012,,,,,,,
AF1019,,,,,,,
AF102,,,,,,,
AF10337,,,,,,,
AF10341,,,,,,,
AF105,,,,,,,
AF106,,,,,,,
AF107,,,,,,,
AF10888,,,,,,,
AF10889,,,,,,,
AF10893,,,,,,,
AF11,,,,,,,
AF110,,,,,,,
AF11000,,,,,,,
AF11013,,,,,,,
AF11015,,,,,,,
AF11016,,,,,,,
AF11023,,,,,,,
AF11027,,,,,,,
AF11037,,,,,,,
AF11082,,,,,,,
AF1119,,,,,,,
AF113,,,,,,,
AF114,,,,,,,
AF115,,,,,,,
AF116,,,,,,,
AF117,,,,,,,
AF118,,,,,,,
AF12,,,,,,,
AF12000,,,,,,,
AF12001,,,,,,,
AF12002,,,,,,,
AF12004,,,,,,,
AF12008,,,,,,,
AF12010,,,,,,,
AF122,,,,,,,
AF124,,,,,,,
AF129,,,,,,,
AF13,,,,,,,
AF13000,,,,,,,
AF13005,,,,,,,
AF13007,,,,,,,
AF14001,,,,,,,
AF14010,,,,,,,
AF14011,,,,,,,
AF15,,,,,,,
AF15000,,,,,,,
AF15001,,,,,,,
AF15011,,,,,,,
AF16,,,,,,,
AF16000,,,,,,,
AF1615,,,,,,,
AF1624,,,,,,,
AF17000,,,,,,,
AF17003,,,,,,,
AF17007,,,,,,,
AF17026,,,,,,,
AF18,,,,,,,
AF180,,,,,,,
AF18000,,,,,,,
AF18003,,,,,,,
AF18005,,,,,,,
AF18006,,,,,,,
AF18008,,,,,,,
AF182,,,,,,,
AF1845,,,,,,,
AF1846,,,,,,,
AF1847,,,,,,,
AF1864,,,,,,,
AF1865,,,,,,,
AF1866,,,,,,,
AF19,,,,,,,
AF20,,,,,,,
AF20000,,,,,,,
AF2001,,,,,,,
AF2005,,,,,,,
AF2008,,,,,,,
AF2009,,,,,,,
AF2010,,,,,,,
AF2016,,,,,,,
AF2019,,,,,,,
AF2022,,,,,,,
AF204,,,,,,,
AF205,,,,,,,
AF207,,,,,,,
AF21000,,,,,,,
AF21025,,,,,,,
AF22,,,,,,,
AF22000,,,,,,,
AF2209,,,,,,,
AF2210,,,,,,,
AF2212,,,,,,,
AF2214,,,,,,,
AF223,,,,,,,
AF23,,,,,,,
AF237,,,,,,,
AF24,,,,,,,
AF245,,,,,,,
AF26,,,,,,,
AF265,,,,,,,
AF28,,,,,,,
AF29,,,,,,,
AF30000,,,,,,,
AF3008,,,,,,,
AF3011,,,,,,,
AF3014,,,,,,,
AF306,,,,,,,
AF31,,,,,,,
AF3105,,,,,,,
AF3109,,,,,,,
AF313,,,,,,,
AF32,,,,,,,
AF36,,,,,,,
AF37,,,,,,,
AF384,,,,,,,
AF40,,,,,,,
AF40001,,,,,,,
AF40004,,,,,,,
AF402,,,,,,,
AF403,,,,,,,
AF406,,,,,,,
AF41,,,,,,,
AF412,,,,,,,
AF417,,,,,,,
AF43001,,,,,,,
AF45,,,,,,,
AF46,,,,,,,
AF47,,,,,,,
AF50000,,,,,,,
AF50017,,,,,,,
AF50018,,,,,,,
AF5009,,,,,,,
AF501,,,,,,,
AF502,,,,,,,
AF504,,,,,,,
AF505,,,,,,,
AF506,,,,,,,
AF51,,,,,,,
AF511,,,,,,,
AF53,,,,,,,
AF54005,,,,,,,
AF56,,,,,,,
AF58,,,,,,,
AF604,,,,,,,
AF6101,,,,,,,
AF612,,,,,,,
AF62,,,,,,,
AF628,,,,,,,
AF666,,,,,,,
AF67000,,,,,,,
AF67007,,,,,,,
AF67010,,,,,,,
AF70000,,,,,,,
AF702,,,,,,,
AF7099,,,,,,,
AF79,,,,,,,
AF80000,,,,,,,
AF81,,,,,,,
AF82,,,,,,,
AF85,,,,,,,
AF88,,,,,,,
AF90,,,,,,,
AF90007,,,,,,,
AF91,,,,,,,
AF91000,,,,,,,
AF91001,,,,,,,
AF92020,,,,,,,
AFO1,,,,,,,
AG,,,,,,,
AG00,,,,,,,
AG00000,,,,,,,
AG001,,,,,,,
AG01,,,,,,,
AG01001,,,,,,,
AG01002,,,,,,,
AG01003,,,,,,,
AG01004,,,,,,,
AG02,,,,,,,
AG02001,,,,,,,
AG02002,,,,,,,
AG02006,,,,,,,
AG02008,,,,,,,
AG02018,,,,,,,
AG03,,,,,,,
AG03000,,,,,,,
AG03001,,,,,,,
AG03145,,,,,,,
AG04,,,,,,,
AG04001,,,,,,,
AG04002,,,,,,,
AG05000,,,,,,,
AG05003,,,,,,,
AG05079,,,,,,,
AG06,,,,,,,
AG06027,,,,,,,
AG07,,,,,,,
AG07000,,,,,,,
AG07138,,,,,,,
AG08000,,,,,,,
AG08002,,,,,,,
AG08004,,,,,,,
AG08008,,,,,,,
AG08200,,,,,,,
AG09000,,,,,,,
AG1,,,,,,,
AG10001,,,,,,,
AG109,,,,,,,
AG11008,,,,,,,
AG11018,,,,,,,
AG11019,,,,,,,
AG11020,,,,,,,
AG11023,,,,,,,
AG11030,,,,,,,
AG11062,,,,,,,
AG14,,,,,,,
AG152,,,,,,,
AG16000,,,,,,,
AG1802,,,,,,,
AG1806,,,,,,,
AG1807,,,,,,,
AG1810,,,,,,,
AG1812,,,,,,,
AG2003,,,,,,,
AG21001,,,,,,,
AG303,,,,,,,
AG306,,,,,,,
AG3102,,,,,,,
AG402,,,,,,,
AG605,,,,,,,
AG606,,,,,,,
AG666,,,,,,,
AG67000,,,,,,,
AG93003,,,,,,,
AGCR2,,,,,,,
AGCR4,,,,,,,
AGLOP,,,,,,,
AL,,,,,,,
ALAS2,,,,,,,
ALST2,,,,,,,
AM,,,,,,,
ARFO5,,,,,,,
ARPU16,,,,,,,
ARTRP2,,,,,,,
ARTRP4,,,,,,,
ASAR4,,,,,,,
ASSC7,,,,,,,
ASTERAAF,,,,,,,
BAHI2,,,,,,,
BAPE,,,,,,,
BOEGLA7,,,,,,,
BR,,,,,,,
BRASS3,,,,,,,
BRASSIAF,,,,,,,
BRCA3,,,,,,,
BRCR4,,,,,,,
BRMAR,,,,,,,
BRTE2,,,,,,,
BUOC,,,,,,,
BY,,,,,,,
CB,,,,,,,
CEMA19,,,,,,,
CHRYS16,,,,,,,
CHVI10,,,,,,,
CM,,,,,,,
CRFL2,,,,,,,
CULLE,,,,,,,
CY,,,,,,,
CYFI,,,,,,,
CYLIN2,,,,,,,
D,,,,,,,
DEAD SHRUB,,,,,,,
DICO6,,,,,,,
DN,,,,,,,
DS,,,,,,,
EL,,,,,,,
ELEL2,,,,,,,
ELELLA,,,,,,,
ELJU,,,,,,,
ELLA,,,,,,,
ELTR3,,,,,,,
ERAL17,,,,,,,
ERCO7,,,,,,,
ERCOC14,,,,,,,
EREM2,,,,,,,
ERKIU,,,,,,,
ERNAO,,,,,,,
ERPU,,,,,,,
FG,,,,,,,
GIPI,,,,,,,
GLSPM,,,,,,,
GR,,,,,,,
GR005,,,,,,,
GR09,,,,,,,
HAAC,,,,,,,
HAAR2,,,,,,,
HEDYS,,,,,,,
HL,,,,,,,
HT,,,,,,,
IOAL2,,,,,,,
IPAGA2,,,,,,,
JUBE2,,,,,,,
JUHA2,,,,,,,
KOCR,,,,,,,
L,,,,,,,
LC,,,,,,,
LECI2,,,,,,,
LEDEB2,,,,,,,
LEGO,,,,,,,
LEPA48,,,,,,,
LEPI2,,,,,,,
LEPcfMON,,,,,,,
LEWA,,,,,,,
LIPR,,,,,,,
LM,,,,,,,
LOAM2,,,,,,,
LUCAA,,,,,,,
M,,,,,,,
MACAA2,,,,,,,
MASU,,,,,,,
MEAR4,,,,,,,
MELIL,,,,,,,
MINAN,,,,,,,
MYOD,,,,,,,
NAPR,,,,,,,
NIQU,,,,,,,
NL,,,,,,,
NT,,,,,,,
None,,,,,,,
OM,,,,,,,
OPIM,,,,,,,
OPLE,,,,,,,
OPPU2,,,,,,,
ORHY,,,,,,,
OTHER,,,,,,,
PC,,,,,,,
PETRA,,,,,,,
PF00,,,,,,,
PF000,,,,,,,
PF00000,,,,,,,
PF01,,,,,,,
PF01000,,,,,,,
PF01001,,,,,,,
PF01003,,,,,,,
PF01006,,,,,,,
PF01009,,,,,,,
PF01011,,,,,,,
PF01023,,,,,,,
PF01030,,,,,,,
PF01036,,,,,,,
PF01050,,,,,,,
PF01064,,,,,,,
PF01074,,,,,,,
PF01075,,,,,,,
PF01077,,,,,,,
PF01083,,,,,,,
PF01086,,,,,,,
PF01090,,,,,,,
PF01091,,,,,,,
PF01096,,,,,,,
PF01103,,,,,,,
PF01127,,,,,,,
PF02,,,,,,,
PF02000,,,,,,,
PF02001,,,,,,,
PF02002,,,,,,,
PF02004,,,,,,,
PF02005,,,,,,,
PF02007,,,,,,,
PF02011,,,,,,,
PF02018,,,,,,,
PF02019,,,,,,,
PF02023,,,,,,,
PF02026,,,,,,,
PF02036,,,,,,,
PF02047,,,,,,,
PF02068,,,,,,,
PF02069,,,,,,,
PF02077,,,,,,,
PF02084,,,,,,,
PF02163,,,,,,,
PF02532,,,,,,,
PF02609,,,,,,,
PF02610,,,,,,,
PF02804,,,,,,,
PF02805,,,,,,,
PF02806,,,,,,,
PF02807,,,,,,,
PF03,,,,,,,
PF03000,,,,,,,
PF03004,,,,,,,
PF03006,,,,,,,
PF03009,,,,,,,
PF03011,,,,,,,
PF03013,,,,,,,
PF03028,,,,,,,
PF03064,,,,,,,
PF03071,,,,,,,
PF03079,,,,,,,
PF03117,,,,,,,
PF03118,,,,,,,
PF03201,,,,,,,
PF04,,,,,,,
PF04000,,,,,,,
PF04001,,,,,,,
PF04004,,,,,,,
PF04008,,,,,,,
PF04015,,,,,,,
PF04016,,,,,,,
PF04020,,,,,,,
PF04022,,,,,,,
PF04023,,,,,,,
PF04024,,,,,,,
PF04025,,,,,,,
PF04033,,,,,,,
PF04045,,,,,,,
PF04047,,,,,,,
PF04072,,,,,,,
PF04079,,,,,,,
PF04080,,,,,,,
PF04085,,,,,,,
PF04086,,,,,,,
PF04096,,,,,,,
PF04098,,,,,,,
PF04102,,,,,,,
PF04104,,,,,,,
PF04105,,,,,,,
PF04110,,,,,,,
PF04276,,,,,,,
PF04300,,,,,,,
PF04301,,,,,,,
PF04302,,,,,,,
PF05,,,,,,,
PF05000,,,,,,,
PF05001,,,,,,,
PF05003,,,,,,,
PF05005,,,,,,,
PF05007,,,,,,,
PF05010,,,,,,,
PF05011,,,,,,,
PF05013,,,,,,,
PF05018,,,,,,,
PF05025,,,,,,,
PF05027,,,,,,,
PF05030,,,,,,,
PF05031,,,,,,,
PF05036,,,,,,,
PF05037,,,,,,,
PF05038,,,,,,,
PF05039,,,,,,,
PF05041,,,,,,,
PF05043,,,,,,,
PF05045,,,,,,,
PF05054,,,,,,,
PF05055,,,,,,,
PF05057,,,,,,,
PF05058,,,,,,,
PF05069,,,,,,,
PF05070,,,,,,,
PF05074,,,,,,,
PF05078,,,,,,,
PF05082,,,,,,,
PF05083,,,,,,,
PF05089,,,,,,,
PF06,,,,,,,
PF06000,,,,,,,
PF06001,,,,,,,
PF06002,,,,,,,
PF06003,,,,,,,
PF06005,,,,,,,
PF06007,,,,,,,
PF06008,,,,,,,
PF06061,,,,,,,
PF06062,,,,,,,
PF06102,,,,,,,
PF06103,,,,,,,
PF06425,,,,,,,
PF069,,,,,,,
PF07,,,,,,,
PF07000,,,,,,,
PF07001,,,,,,,
PF07003,,,,,,,
PF07005,,,,,,,
PF07008,,,,,,,
PF07009,,,,,,,
PF07010,,,,,,,
PF07018,,,,,,,
PF07019,,,,,,,
PF07020,,,,,,,
PF07023,,,,,,,
PF07025,,,,,,,
PF07026,,,,,,,
PF07028,,,,,,,
PF07035,,,,,,,
PF07036,,,,,,,
PF07064,,,,,,,
PF07139,,,,,,,
PF07140,,,,,,,
PF07141,,,,,,,
PF07142,,,,,,,
PF07159,,,,,,,
PF07178,,,,,,,
PF08,,,,,,,
PF08000,,,,,,,
PF08001,,,,,,,
PF08002,,,,,,,
PF08004,,,,,,,
PF08007,,,,,,,
PF08008,,,,,,,
PF08033,,,,,,,
PF08041,,,,,,,
PF08080,,,,,,,
PF08100,,,,,,,
PF09,,,,,,,
PF09000,,,,,,,
PF09001,,,,,,,
PF09003,,,,,,,
PF09004,,,,,,,
PF09005,,,,,,,
PF09006,,,,,,,
PF09010,,,,,,,
PF09014,,,,,,,
PF09020,,,,,,,
PF09021,,,,,,,
PF09023,,,,,,,
PF09034,,,,,,,
PF09038,,,,,,,
PF09049,,,,,,,
PF09085,,,,,,,
PF09086,,,,,,,
PF09087,,,,,,,
PF09096,,,,,,,
PF09103,,,,,,,
PF09104,,,,,,,
PF09117,,,,,,,
PF09119,,,,,,,
PF09142,,,,,,,
PF09160,,,,,,,
PF10,,,,,,,
PF10000,,,,,,,
PF10003,,,,,,,
PF10004,,,,,,,
PF10008,,,,,,,
PF10009,,,,,,,
PF1001,,,,,,,
PF1006,,,,,,,
PF10096,,,,,,,
PF1012,,,,,,,
PF1015,,,,,,,
PF102,,,,,,,
PF1029,,,,,,,
PF103,,,,,,,
PF1044,,,,,,,
PF10444,,,,,,,
PF105,,,,,,,
PF1054,,,,,,,
PF108,,,,,,,
PF11,,,,,,,
PF11000,,,,,,,
PF11014,,,,,,,
PF11055,,,,,,,
PF11062,,,,,,,
PF11088,,,,,,,
PF11108,,,,,,,
PF11139,,,,,,,
PF11140,,,,,,,
PF112,,,,,,,
PF113,,,,,,,
PF114,,,,,,,
PF12,,,,,,,
PF12000,,,,,,,
PF12005,,,,,,,
PF12006,,,,,,,
PF12010,,,,,,,
PF12012,,,,,,,
PF12013,,,,,,,
PF12020,,,,,,,
PF12021,,,,,,,
PF12022,,,,,,,
PF12024,,,,,,,
PF12026,,,,,,,
PF12027,,,,,,,
PF12029,,,,,,,
PF12030,,,,,,,
PF12031,,,,,,,
PF12032,,,,,,,
PF12035,,,,,,,
PF12036,,,,,,,
PF12101,,,,,,,
PF125,,,,,,,
PF13,,,,,,,
PF13000,,,,,,,
PF13002,,,,,,,
PF13006,,,,,,,
PF13011,,,,,,,
PF140,,,,,,,
PF14000,,,,,,,
PF14002,,,,,,,
PF14003,,,,,,,
PF14004,,,,,,,
PF14028,,,,,,,
PF14030,,,,,,,
PF14036,,,,,,,
PF14071,,,,,,,
PF1416,,,,,,,
PF144,,,,,,,
PF145,,,,,,,
PF149,,,,,,,
PF15,,,,,,,
PF15000,,,,,,,
PF15005,,,,,,,
PF15017,,,,,,,
PF15018,,,,,,,
PF15025,,,,,,,
PF16,,,,,,,
PF160,,,,,,,
PF16000,,,,,,,
PF1615,,,,,,,
PF17,,,,,,,
PF17070,,,,,,,
PF18,,,,,,,
PF18000,,,,,,,
PF18013,,,,,,,
PF1806,,,,,,,
PF1818,,,,,,,
PF182,,,,,,,
PF1820,,,,,,,
PF1821,,,,,,,
PF1828,,,,,,,
PF1842,,,,,,,
PF188,,,,,,,
PF191,,,,,,,
PF192,,,,,,,
PF20,,,,,,,
PF200,,,,,,,
PF2001,,,,,,,
PF2003,,,,,,,
PF2005,,,,,,,
PF2023,,,,,,,
PF2024,,,,,,,
PF2038,,,,,,,
PF206,,,,,,,
PF21,,,,,,,
PF210,,,,,,,
PF21019,,,,,,,
PF21046,,,,,,,
PF211,,,,,,,
PF212,,,,,,,
PF218,,,,,,,
PF22,,,,,,,
PF227,,,,,,,
PF23,,,,,,,
PF23025,,,,,,,
PF23027,,,,,,,
PF23035,,,,,,,
PF23053,,,,,,,
PF23057,,,,,,,
PF239,,,,,,,
PF24,,,,,,,
PF248,,,,,,,
PF25,,,,,,,
PF250,,,,,,,
PF251,,,,,,,
PF26,,,,,,,
PF269,,,,,,,
PF27,,,,,,,
PF270,,,,,,,
PF28,,,,,,,
PF29,,,,,,,
PF30,,,,,,,
PF30000,,,,,,,
PF3030,,,,,,,
PF31,,,,,,,
PF313,,,,,,,
PF319,,,,,,,
PF32,,,,,,,
PF320,,,,,,,
PF328,,,,,,,
PF33,,,,,,,
PF34,,,,,,,
PF35,,,,,,,
PF350,,,,,,,
PF36,,,,,,,
PF37,,,,,,,
PF38,,,,,,,
PF40021,,,,,,,
PF40022,,,,,,,
PF406,,,,,,,
PF408,,,,,,,
PF409,,,,,,,
PF416,,,,,,,
PF418,,,,,,,
PF42,,,,,,,
PF426,,,,,,,
PF429,,,,,,,
PF43,,,,,,,
PF44,,,,,,,
PF45,,,,,,,
PF474,,,,,,,
PF48,,,,,,,
PF50,,,,,,,
PF50013,,,,,,,
PF501,,,,,,,
PF503,,,,,,,
PF504,,,,,,,
PF506,,,,,,,
PF507,,,,,,,
PF51,,,,,,,
PF511,,,,,,,
PF512,,,,,,,
PF513,,,,,,,
PF515,,,,,,,
PF52,,,,,,,
PF523,,,,,,,
PF531,,,,,,,
PF533,,,,,,,
PF54001,,,,,,,
PF54003,,,,,,,
PF54023,,,,,,,
PF56,,,,,,,
PF61,,,,,,,
PF62,,,,,,,
PF642,,,,,,,
PF644,,,,,,,
PF65,,,,,,,
PF660,,,,,,,
PF666,,,,,,,
PF67019,,,,,,,
PF68,,,,,,,
PF68000,,,,,,,
PF68019,,,,,,,
PF701,,,,,,,
PF702,,,,,,,
PF71,,,,,,,
PF72,,,,,,,
PF73999,,,,,,,
PF75031,,,,,,,
PF77,,,,,,,
PF80000,,,,,,,
PF804,,,,,,,
PF826,,,,,,,
PF828,,,,,,,
PF833,,,,,,,
PF87,,,,,,,
PF90007,,,,,,,
PF90071,,,,,,,
PF90074,,,,,,,
PF90075,,,,,,,
PF90076,,,,,,,
PF91,,,,,,,
PF91074,,,,,,,
PF91076,,,,,,,
PF91080,,,,,,,
PF92013,,,,,,,
PF94169,,,,,,,
PF95045,,,,,,,
PF95047,,,,,,,
PF95048,,,,,,,
PF95051,,,,,,,
PF95077,,,,,,,
PF97000,,,,,,,
PFO2,,,,,,,
PFPF,,,,,,,
PG-050,,,,,,,
PG00,,,,,,,
PG000,,,,,,,
PG00000,,,,,,,
PG01,,,,,,,
PG01000,,,,,,,
PG01003,,,,,,,
PG01004,,,,,,,
PG01005,,,,,,,
PG01007,,,,,,,
PG01011,,,,,,,
PG01015,,,,,,,
PG01016,,,,,,,
PG01022,,,,,,,
PG01050,,,,,,,
PG02,,,,,,,
PG02000,,,,,,,
PG02001,,,,,,,
PG02002,,,,,,,
PG02003,,,,,,,
PG02004,,,,,,,
PG02005,,,,,,,
PG02007,,,,,,,
PG02010,,,,,,,
PG02012,,,,,,,
PG02015,,,,,,,
PG02018,,,,,,,
PG02105,,,,,,,
PG03,,,,,,,
PG03000,,,,,,,
PG03001,,,,,,,
PG03007,,,,,,,
PG03100,,,,,,,
PG04,,,,,,,
PG04001,,,,,,,
PG04003,,,,,,,
PG04004,,,,,,,
PG04006,,,,,,,
PG04014,,,,,,,
PG04015,,,,,,,
PG04016,,,,,,,
PG04017,,,,,,,
PG04018,,,,,,,
PG04029,,,,,,,
PG04253,,,,,,,
PG05,,,,,,,
PG05000,,,,,,,
PG05002,,,,,,,
PG05003,,,,,,,
PG05004,,,,,,,
PG05005,,,,,,,
PG05006,,,,,,,
PG05008,,,,,,,
PG05010,,,,,,,
PG05045,,,,,,,
PG05999,,,,,,,
PG06,,,,,,,
PG06000,,,,,,,
PG06001,,,,,,,
PG06002,,,,,,,
PG06004,,,,,,,
PG06005,,,,,,,
PG06011,,,,,,,
PG06100,,,,,,,
PG06152,,,,,,,
PG06158,,,,,,,
PG07,,,,,,,
PG07000,,,,,,,
PG07002,,,,,,,
PG07003,,,,,,,
PG07004,,,,,,,
PG07006,,,,,,,
PG07007,,,,,,,
PG07008,,,,,,,
PG07009,,,,,,,
PG07032,,,,,,,
PG07101,,,,,,,
PG08,,,,,,,
PG08000,,,,,,,
PG08006,,,,,,,
PG09,,,,,,,
PG09000,,,,,,,
PG09002,,,,,,,
PG09004,,,,,,,
PG09005,,,,,,,
PG09006,,,,,,,
PG09010,,,,,,,
PG09011,,,,,,,
PG09013,,,,,,,
PG09014,,,,,,,
PG09015,,,,,,,
PG09016,,,,,,,
PG09019,,,,,,,
PG09027,,,,,,,
PG09030,,,,,,,
PG09036,,,,,,,
PG09048,,,,,,,
PG09948,,,,,,,
PG09990,,,,,,,
PG10,,,,,,,
PG10000,,,,,,,
PG10001,,,,,,,
PG10002,,,,,,,
PG10003,,,,,,,
PG10004,,,,,,,
PG1001,,,,,,,
PG10016,,,,,,,
PG1002,,,,,,,
PG1006,,,,,,,
PG11,,,,,,,
PG11000,,,,,,,
PG11001,,,,,,,
PG11002,,,,,,,
PG11004,,,,,,,
PG11005,,,,,,,
PG11006,,,,,,,
PG11007,,,,,,,
PG11008,,,,,,,
PG11009,,,,,,,
PG11024,,,,,,,
PG11026,,,,,,,
PG11036,,,,,,,
PG12,,,,,,,
PG12000,,,,,,,
PG12001,,,,,,,
PG12002,,,,,,,
PG12003,,,,,,,
PG12006,,,,,,,
PG12007,,,,,,,
PG12012,,,,,,,
PG12020,,,,,,,
PG122,,,,,,,
PG13,,,,,,,
PG13000,,,,,,,
PG13003,,,,,,,
PG13005,,,,,,,
PG13006,,,,,,,
PG13007,,,,,,,
PG13008,,,,,,,
PG14,,,,,,,
PG14001,,,,,,,
PG14033,,,,,,,
PG15,,,,,,,
PG15000,,,,,,,
PG15001,,,,,,,
PG15002,,,,,,,
PG156,,,,,,,
PG160,,,,,,,
PG16000,,,,,,,
PG161,,,,,,,
PG162,,,,,,,
PG163,,,,,,,
PG164,,,,,,,
PG18001,,,,,,,
PG18004,,,,,,,
PG18100,,,,,,,
PG18101,,,,,,,
PG20,,,,,,,
PG2001,,,,,,,
PG2004,,,,,,,
PG202,,,,,,,
PG21,,,,,,,
PG21004,,,,,,,
PG2104,,,,,,,
PG2105,,,,,,,
PG212,,,,,,,
PG22,,,,,,,
PG220,,,,,,,
PG2206,,,,,,,
PG2211,,,,,,,
PG23,,,,,,,
PG255,,,,,,,
PG256,,,,,,,
PG29,,,,,,,
PG301,,,,,,,
PG31,,,,,,,
PG3104,,,,,,,
PG40001,,,,,,,
PG40008,,,,,,,
PG40009,,,,,,,
PG407,,,,,,,
PG50000,,,,,,,
PG501,,,,,,,
PG502,,,,,,,
PG503,,,,,,,
PG504,,,,,,,
PG505,,,,,,,
PG508,,,,,,,
PG509,,,,,,,
PG5105,,,,,,,
PG610,,,,,,,
PG615,,,,,,,
PG63000,,,,,,,
PG666,,,,,,,
PG67000,,,,,,,
PG67001,,,,,,,
PG68000,,,,,,,
PG7123,,,,,,,
PG73999,,,,,,,
PG76,,,,,,,
PG78,,,,,,,
PG801,,,,,,,
PG802,,,,,,,
PG8117,,,,,,,
PG850,,,,,,,
PG9004,,,,,,,
PG91001,,,,,,,
PG92008,,,,,,,
PG95013,,,,,,,
PG95014,,,,,,,
PG95015,,,,,,,
PG95022,,,,,,,
PG95035,,,,,,,
PG95036,,,,,,,
PG96002,,,,,,,
PG96003,,,,,,,
PG99,,,,,,,
PGPG,,,,,,,
PGXX,,,,,,,
PHYS,,,,,,,
PIGL2,,,,,,,
PLPA3,,,,,,,
POACEAPG,,,,,,,
PPFF,,,,,,,
PPFF1,,,,,,,
PPGG,,,,,,,
PPGG1,,,,,,,
PPSH,,,,,,,
PPSS1,,,,,,,
PPSU,,,,,,,
PRJU3,,,,,,,
PS001,,,,,,,
PS10004,,,,,,,
PS91006,,,,,,,
PTERI2,,,,,,,
R,,,,,,,
RF,,,,,,,
S,,,,,,,
SELA3,,,,,,,
SH-015,,,,,,,
SH-018,,,,,,,
SH00,,,,,,,
SH000,,,,,,,
SH00000,,,,,,,
SH01,,,,,,,
SH01000,,,,,,,
SH01001,,,,,,,
SH01012,,,,,,,
SH01023,,,,,,,
SH01090,,,,,,,
SH01092,,,,,,,
SH02,,,,,,,
SH02000,,,,,,,
SH02001,,,,,,,
SH02002,,,,,,,
SH02015,,,,,,,
SH03,,,,,,,
SH03000,,,,,,,
SH03002,,,,,,,
SH04,,,,,,,
SH04000,,,,,,,
SH04001,,,,,,,
SH04003,,,,,,,
SH04008,,,,,,,
SH04106,,,,,,,
SH05,,,,,,,
SH05000,,,,,,,
SH05002,,,,,,,
SH05003,,,,,,,
SH05005,,,,,,,
SH05007,,,,,,,
SH06000,,,,,,,
SH06001,,,,,,,
SH06002,,,,,,,
SH07,,,,,,,
SH07000,,,,,,,
SH07002,,,,,,,
SH07005,,,,,,,
SH08000,,,,,,,
SH08004,,,,,,,
SH09000,,,,,,,
SH09005,,,,,,,
SH09006,,,,,,,
SH09007,,,,,,,
SH09088,,,,,,,
SH10,,,,,,,
SH10000,,,,,,,
SH10001,,,,,,,
SH10003,,,,,,,
SH10004,,,,,,,
SH10007,,,,,,,
SH1025,,,,,,,
SH1026,,,,,,,
SH11000,,,,,,,
SH11001,,,,,,,
SH11010,,,,,,,
SH11014,,,,,,,
SH11023,,,,,,,
SH11025,,,,,,,
SH11026,,,,,,,
SH11028,,,,,,,
SH11029,,,,,,,
SH12000,,,,,,,
SH12009,,,,,,,
SH13000,,,,,,,
SH14001,,,,,,,
SH14002,,,,,,,
SH15000,,,,,,,
SH158,,,,,,,
SH159,,,,,,,
SH16000,,,,,,,
SH164,,,,,,,
SH1816,,,,,,,
SH20,,,,,,,
SH20000,,,,,,,
SH2001,,,,,,,
SH204,,,,,,,
SH21000,,,,,,,
SH212,,,,,,,
SH22000,,,,,,,
SH24,,,,,,,
SH30000,,,,,,,
SH40000,,,,,,,
SH40001,,,,,,,
SH50000,,,,,,,
SH501,,,,,,,
SH502,,,,,,,
SH552,,,,,,,
SH575,,,,,,,
SH60000,,,,,,,
SH614,,,,,,,
SH615,,,,,,,
SH666,,,,,,,
SH67000,,,,,,,
SH68000,,,,,,,
SH80000,,,,,,,
SH80001,,,,,,,
SH91000,,,,,,,
SH91012,,,,,,,
SH91013,,,,,,,
SH93001,,,,,,,
SIAL,,,,,,,
SILI7,,,,,,,
SPAM,,,,,,,
SPMA2,,,,,,,
ST,,,,,,,
STENO,,,,,,,
SU00,,,,,,,
SU06003,,,,,,,
SU108,,,,,,,
SUNI,,,,,,,
THEL,,,,,,,
THJU3,,,,,,,
TIQHISs,,,,,,,
TR00,,,,,,,
TR00000,,,,,,,
TR01,,,,,,,
TR02,,,,,,,
TR02000,,,,,,,
TR03,,,,,,,
TR03038,,,,,,,
TR04000,,,,,,,
TR04001,,,,,,,
TR05000,,,,,,,
TR08000,,,,,,,
TR09000,,,,,,,
TR10000,,,,,,,
TR11000,,,,,,,
TR16000,,,,,,,
TR666,,,,,,,
TRMA20,,,,,,,
UN04003,,,,,,,
UN05002,,,,,,,
UN05003,,,,,,,
UN05004,,,,,,,
UN05005,,,,,,,
UN05006,,,,,,,
UN05008,,,,,,,
UN06002,,,,,,,
UN09000,,,,,,,
UN12000,,,,,,,
UN12099,,,,,,,
UN23024,,,,,,,
UN23070,,,,,,,
UN25037,,,,,,,
UNK,,,,,,,
UNKNOWN,,,,,,,
UNKNOWN3,,,,,,,
UNKNOWN4,,,,,,,
UNK_ASTER_01,,,,,,,
UNK_PG_06,,,,,,,
Unk,,,,,,,
VIST,,,,,,,
VL,,,,,,,
W,,,,,,,
WA,,,,,,,
WL,,,,,,,
YUUT2,,,,,,,
aggl,,,,,,,
artrt,,,,,,,
cb,,,,,,,
crac2,,,,,,,
l,,,,,,,
lodi,,,,,,,
luPINp,,,,,,,
pf06,,,,,,,
teca2,,,,,,,
