PrimaryKey,richness,EcoSiteID,trt_control,MLRA_name
20161613101413B1,16,008XY010ID,Closure,Snake River Plains
20121613071601G1,13,010AY026ID,Closure,Snake River Plains
20121613071601G2,8,010AY026ID,Closure,Snake River Plains
20161653105114B2,4,011AY014ID,Closure,Snake River Plains
20121677070101R1,18,011BY001ID,Closure,Snake River Plains
20121677090201B2,14,011BY001ID,Closure,Snake River Plains
20141613106519B1,9,011BY001ID,Closure,Snake River Plains
20141613106519B2,7,011BY001ID,Closure,Snake River Plains
20141623101411B1,12,011BY001ID,Closure,Snake River Plains
20141623101411B2,11,011BY001ID,Closure,Snake River Plains
20161613106715B2,11,011BY003ID,Closure,Snake River Plains
20111613081801B1,16,011BY004ID,Closure,Snake River Plains
20111613081801B2,14,011BY004ID,Closure,Snake River Plains
20111611060201A1,5,011BY005ID,Closure,Snake River Plains
20111611060201A2,4,011BY005ID,Closure,Snake River Plains
20161613106617B1,15,011BY009ID,Closure,Snake River Plains
20161613106617B2,13,011BY009ID,Closure,Snake River Plains
20161613106715B1,13,011BY009ID,Closure,Snake River Plains
20121677090201R1,16,011BY010ID,Closure,Snake River Plains
20121677090201R2,15,011BY010ID,Closure,Snake River Plains
20141613106704B1,10,011BY010ID,Closure,Snake River Plains
20141613106704B2,9,011BY010ID,Closure,Snake River Plains
20141613106712B1,8,011BY010ID,Closure,Snake River Plains
20141613106712B2,7,011BY010ID,Closure,Snake River Plains
20151613106702B1,12,011BY010ID,Closure,Snake River Plains
20151613106702B2,12,011BY010ID,Closure,Snake River Plains
20151613106719B1,12,011BY010ID,Closure,Snake River Plains
20151613106719B2,10,011BY010ID,Closure,Snake River Plains
20171613106614B2,14,011BY010ID,Closure,Snake River Plains
20161677106713B1,13,011XY001ID,Closure,Snake River Plains
20161677106713B2,13,011XY001ID,Closure,Snake River Plains
17080212142528192017-09-01,10,R010AY038ID,Closure,Snake River Plains
17090508472127522017-09-01,10,R011AY003ID,Closure,Snake River Plains
19062613461937712019-09-01,10,R011AY014ID,Closure,Snake River Plains
ID_ShoshoneFOLUP2017_SDM-362_V12021-09-01,11,R011AY014ID,Closure,Snake River Plains
13052016230692112013-09-01,13,R011BY001ID,Closure,Snake River Plains
17070309511157472017-09-01,12,R011BY001ID,Closure,Snake River Plains
17071810014691382017-09-01,10,R011BY001ID,Closure,Snake River Plains
19050612340373002019-09-01,12,R011BY001ID,Closure,Snake River Plains
1305141132354472013-09-01,16,R011BY010ID,Closure,Snake River Plains
13052113524592552013-09-01,17,R011BY010ID,Closure,Snake River Plains
13052208242498152013-09-01,18,R011BY010ID,Closure,Snake River Plains
1305221148273832013-09-01,22,R011BY010ID,Closure,Snake River Plains
17053014213583552017-09-01,19,R011BY010ID,Closure,Snake River Plains
17070211045499252017-09-01,11,R011BY010ID,Closure,Snake River Plains
1707171328459882017-09-01,14,R011BY010ID,Closure,Snake River Plains
17080912232595172017-09-01,12,R011BY010ID,Closure,Snake River Plains
19050510535474272019-09-01,19,R011BY010ID,Closure,Snake River Plains
ID_USFO_LUP_2017_BWD_342_V12022-09-01,13,R011BY010ID,Closure,Snake River Plains
ID_USFO_LUP_2017_BWD_352_V12022-09-01,16,R011BY010ID,Closure,Snake River Plains
ID_USFO_LUP_2017_BWD_365_V12022-09-01,17,R011BY010ID,Closure,Snake River Plains
ID_USFO_LUP_2023_USFO2023-001_V22023-09-01,17,R011BY010ID,Closure,Snake River Plains
ID_USFO_LUP_2023_USFO2023-017_V22023-09-01,21,R011BY010ID,Closure,Snake River Plains
ID_USFO_LUP_2023_USFO2023-021_V22023-09-01,18,R011BY010ID,Closure,Snake River Plains
ID_USFO_LUP_2023_USFO2023-NR-009_V12023-09-01,16,R011BY010ID,Closure,Snake River Plains
ID_UpperSnakeFOLUP2017_BWD-288_V12020-09-01,21,R011BY010ID,Closure,Snake River Plains
ID_UpperSnakeFOLUP2017_BWD-326_V12021-09-01,17,R011BY010ID,Closure,Snake River Plains
17072713285523172017-09-01,9,R011BY013ID,Closure,Snake River Plains
19050714390060972019-09-01,10,R011BY013ID,Closure,Snake River Plains
ID_UpperSnakeFOLUP2017_BWD-300_V12021-09-01,13,R011BY013ID,Closure,Snake River Plains
ID_UpperSnakeFOLUP2017_BWD-320_V12021-09-01,9,R011BY013ID,Closure,Snake River Plains
ID_UpperSnakeFOLUP2017_OT-010_V12021-09-01,10,R011BY013ID,Closure,Snake River Plains
20211663106001B1,7,R011XA014ID,Closure,Snake River Plains
20211663106001B2,8,R011XA014ID,Closure,Snake River Plains
20211613101401B1,10,R011XB001ID,Closure,Snake River Plains
20211613101401B2,6,R011XB001ID,Closure,Snake River Plains
20211613106601B1,8,R011XB010ID,Closure,Snake River Plains
20211613106601B2,11,R011XB010ID,Closure,Snake River Plains
20221613106718B1,13,R011XB010ID,Closure,Snake River Plains
20221613106718B2,9,R011XB010ID,Closure,Snake River Plains
20231613106620B1,16,R011XB010ID,Closure,Snake River Plains
20231613106716B1,12,R011XB010ID,Closure,Snake River Plains
20231677106709B2,17,R011XB010ID,Closure,Snake River Plains
20211677106505B1,9,R011XB013ID,Closure,Snake River Plains
20211677106505B2,10,R011XB013ID,Closure,Snake River Plains
ID_ShoshoneFOLUP2017_BWD-128_V12021-09-01,10,R011XY001ID,Closure,Snake River Plains
17051813201246852017-09-01,8,R011XY004ID,Closure,Snake River Plains
ID_FRFO_LUP_2019_PLN_201_V12022-09-01,5,R011XY010ID,Closure,Snake River Plains
17070215250897032017-09-01,13,R011XY015ID,Closure,Snake River Plains
ID_UpperSnakeFOLUP2017_BWD-287_V12020-09-01,20,R011XY015ID LOAMY BOTTOM 8-14 ARTRT/LECI4,Closure,Snake River Plains
19050608395616822019-09-01,15,R013XY001ID,Closure,Snake River Plains
19050622062049152019-09-01,20,R013XY001ID,Closure,Snake River Plains
ID_UpperSnakeFOLUP2017_BWD-284_V12020-09-01,18,R013XY001ID,Closure,Snake River Plains
ID_UpperSnakeFOLUP2017_BWD-313_V12021-09-01,14,R013XY001ID,Closure,Snake River Plains
13052107570859702013-09-01,22,UNKNOWN,Closure,Snake River Plains
20121623010603O1,19,010AY026ID,Control,Snake River Plains
20121653020202R1,8,011AY003ID,Control,Snake River Plains
20121653020202R2,6,011AY003ID,Control,Snake River Plains
20141663105113B2,6,011AY003ID,Control,Snake River Plains
20141663106319B1,9,011AY003ID,Control,Snake River Plains
20141663106319B2,15,011AY003ID,Control,Snake River Plains
20141667106403B1,8,011AY003ID,Control,Snake River Plains
20151663106207B3,8,011AY003ID,Control,Snake River Plains
20171663101620B1,7,011AY003ID,Control,Snake River Plains
20171663101620B2,13,011AY003ID,Control,Snake River Plains
20171663106220B2,6,011AY003ID,Control,Snake River Plains
20171667106408B1,5,011AY003ID,Control,Snake River Plains
20171667106408B2,2,011AY003ID,Control,Snake River Plains
20111639030802P1,5,011AY004ID,Control,Snake River Plains
20111639030802P2,5,011AY004ID,Control,Snake River Plains
20121663020402B2,8,011AY004ID,Control,Snake River Plains
20141663106201B1,7,011AY005ID,Control,Snake River Plains
20111631080802O2,5,011AY009ID,Control,Snake River Plains
20141663105104B3,4,011AY009ID,Control,Snake River Plains
20141663106015B1,9,011AY009ID,Control,Snake River Plains
20151663106315B2,10,011AY009ID,Control,Snake River Plains
20181663106004B1,8,011AY009ID,Control,Snake River Plains
20181663106212B1,7,011AY009ID,Control,Snake River Plains
20191663105101B2,4,011AY009ID,Control,Snake River Plains
20141663105104B2,8,011AY014ID,Control,Snake River Plains
20151663105118B1,7,011AY014ID,Control,Snake River Plains
20151663105118B2,8,011AY014ID,Control,Snake River Plains
20161663106013B1,11,011AY014ID,Control,Snake River Plains
20161663106013B2,8,011AY014ID,Control,Snake River Plains
20171663106003B2,6,011AY014ID,Control,Snake River Plains
20141623106604B1,11,011BY001ID,Control,Snake River Plains
20151611106818B2,10,011BY001ID,Control,Snake River Plains
20161611107513B2,10,011BY001ID,Control,Snake River Plains
20161631102213B2,3,011BY001ID,Control,Snake River Plains
20191633107012B2,13,011BY001ID,Control,Snake River Plains
20111631080802O1,4,011BY006ID,Control,Snake River Plains
20151611106809B1,6,011BY010ID,Control,Snake River Plains
20161611106803B2,6,011BY010ID,Control,Snake River Plains
20161613106619B2,15,011BY010ID,Control,Snake River Plains
20191613106701B1,8,011BY010ID,Control,Snake River Plains
2016161200913B2,11,011XY001ID,Control,Snake River Plains
20111639040401B1,7,011XY003ID,Control,Snake River Plains
20111639040401B2,6,011XY003ID,Control,Snake River Plains
2012161020201R1,3,011XY004ID,Control,Snake River Plains
20151653105214B1,6,011XY004ID,Control,Snake River Plains
20161653106107B1,11,011XY004ID,Control,Snake River Plains
20161653106107B2,9,011XY004ID,Control,Snake River Plains
20171667106412B1,6,011XY004ID,Control,Snake River Plains
20181653105207B1,5,011XY004ID,Control,Snake River Plains
20171639200804B2,4,011XY009ID,Control,Snake River Plains
20111639010901O2,5,011XY014ID,Control,Snake River Plains
20161673200714B1,4,011XY014ID,Control,Snake River Plains
20161673200714B2,3,011XY014ID,Control,Snake River Plains
20171639200112B2,6,011XY014ID,Control,Snake River Plains
2016161201017B1,8,011XY025ID,Control,Snake River Plains
20181623101409B1,8,012XY015ID,Control,Snake River Plains
19061409164794772019-09-01,17,R010AY001ID,Control,Snake River Plains
ID_BFO_LUP_2022_BigWD-087_V22023-09-01,5,R010AY004ID,Control,Snake River Plains
ID_ShoshoneFOLUP2017_BCM-048_V12021-09-01,20,R010AY004ID,Control,Snake River Plains
17073015531037872017-09-01,16,R010AY022ID,Control,Snake River Plains
13062013250865352013-09-01,23,R010AY023ID,Control,Snake River Plains
ID_FRFO_LUP_2019_PLN_212_V12022-09-01,12,R010XA007ID,Control,Snake River Plains
ID_FourRiversFOLUP2019_PLN-186_V12021-09-01,10,R010XY007ID,Control,Snake River Plains
ID_BUFO_LUP_2021_NAT-034_V12023-09-01,16,R011AY003ID,Control,Snake River Plains
ID_SHFO_LUP_2017_SDM_375_V12022-09-01,11,R011AY003ID,Control,Snake River Plains
ID_SHFO_LUP_2023_SD-005_V22023-09-01,12,R011AY003ID,Control,Snake River Plains
ID_ShoshoneFOLUP2017_BWD-131_V12021-09-01,19,R011AY005ID,Control,Snake River Plains
ID_FRFO_LUP_2019_PLN_208_V12022-09-01,9,R011AY007ID,Control,Snake River Plains
17051613423177612017-09-01,13,R011AY009ID,Control,Snake River Plains
2006121409569002020-09-01,8,R011AY009ID,Control,Snake River Plains
ID_SHFO_LUP_2017_SDM_369_V12022-09-01,17,R011AY009ID,Control,Snake River Plains
ID_SHFO_LUP_2017_SDM_373_V12022-09-01,14,R011AY009ID,Control,Snake River Plains
ID_SHFO_LUP_2023_SD-002_V22023-09-01,12,R011AY009ID,Control,Snake River Plains
ID_SHFO_LUP_2023_SD-006_V12023-09-01,13,R011AY009ID,Control,Snake River Plains
ID_SHFO_LUP_2023_SD-008_V22023-09-01,14,R011AY009ID,Control,Snake River Plains
ID_ShoshoneFOLUP2017_SDM-350_V12021-09-01,7,R011AY009ID,Control,Snake River Plains
1905050707289642019-09-01,10,R011AY014ID,Control,Snake River Plains
19050710523828802019-09-01,11,R011BY001ID,Control,Snake River Plains
19051617185672912019-09-01,12,R011BY001ID,Control,Snake River Plains
19051816540882232019-09-01,12,R011BY001ID,Control,Snake River Plains
ID_BUFO_LUP_2021_NAT-038_V12023-09-01,8,R011BY001ID,Control,Snake River Plains
ID_BUFO_LUP_2021_NAT_018_V12022-09-01,8,R011BY001ID,Control,Snake River Plains
ID_USFO_LUP_2023_USFO2023-009_V12023-09-01,9,R011BY001ID,Control,Snake River Plains
ID_UpperSnakeFOLUP2017_BWD-270_V12020-09-01,12,R011BY001ID,Control,Snake River Plains
ID_USFO_LUP_2017_BWD_330_V12022-09-01,19,R011BY010ID,Control,Snake River Plains
ID_USFO_LUP_2023_USFO2023-013_V22023-09-01,22,R011BY010ID,Control,Snake River Plains
ID_USFO_LUP_2023_USFO2023-022_V22023-09-01,24,R011BY010ID,Control,Snake River Plains
ID_USFO_LUP_2023_USFO2023-NR-003_V12023-09-01,21,R011BY010ID,Control,Snake River Plains
ID_UpperSnakeFOLUP2017_BWD-279_V12020-09-01,20,R011BY010ID,Control,Snake River Plains
ID_UpperSnakeFOLUP2017_BWD-301_V12021-09-01,13,R011BY010ID,Control,Snake River Plains
ID_UpperSnakeFOLUP2017_BWD-314_V12021-09-01,8,R011BY010ID,Control,Snake River Plains
ID_UpperSnakeFOLUP2017_BWD-321_V12021-09-01,14,R011BY010ID,Control,Snake River Plains
20211667106410B1,6,R011XA003ID,Control,Snake River Plains
20231613106514B1,8,R011XA003ID,Control,Snake River Plains
20231613106514B2,7,R011XA003ID,Control,Snake River Plains
20211613101508B2,7,R011XA009ID,Control,Snake River Plains
20211663106308B2,5,R011XA009ID,Control,Snake River Plains
20221647105106B2,6,R011XA009ID,Control,Snake River Plains
20221663101605B2,12,R011XA009ID,Control,Snake River Plains
20221663106209B2,7,R011XA009ID,Control,Snake River Plains
20231663105102B2,7,R011XA009ID,Control,Snake River Plains
ID_ShoshoneFOLUP2017_OT-290_V12021-09-01,9,R011XA009ID,Control,Snake River Plains
20231675201014B2,8,R011XA011ID,Control,Snake River Plains
20211611106817B2,5,R011XB001ID,Control,Snake River Plains
20231611101407B2,4,R011XB001ID,Control,Snake River Plains
ID_BurleyFO_LUP_Revisit_2021_SEED-091_V12021-09-01,7,R011XB001ID,Control,Snake River Plains
20221613106610B1,18,R011XB010ID,Control,Snake River Plains
20221613106610B2,19,R011XB010ID,Control,Snake River Plains
13050613525457372013-09-01,16,R011XY001ID,Control,Snake River Plains
13050815294642982013-09-01,14,R011XY001ID,Control,Snake River Plains
13051513251355502013-09-01,10,R011XY001ID,Control,Snake River Plains
17051615391871452017-09-01,7,R011XY001ID,Control,Snake River Plains
17061511263784482017-09-01,13,R011XY001ID,Control,Snake River Plains
17062208331978672017-09-01,10,R011XY001ID,Control,Snake River Plains
17073007392342862017-09-01,6,R011XY001ID,Control,Snake River Plains
19050208523727422019-09-01,11,R011XY001ID,Control,Snake River Plains
19050414354448512019-09-01,11,R011XY001ID,Control,Snake River Plains
19051614501049062019-09-01,10,R011XY001ID,Control,Snake River Plains
19051817093875362019-09-01,8,R011XY001ID,Control,Snake River Plains
20061017105122862020-09-01,7,R011XY001ID,Control,Snake River Plains
20211647200111B2,6,R011XY001ID,Control,Snake River Plains
ID_BFO_LUP_2022_BigWD_074_V12022-09-01,5,R011XY001ID,Control,Snake River Plains
ID_BUFO_LUP_2021_NAT_022_V12022-09-01,11,R011XY001ID,Control,Snake River Plains
ID_FRFO_LUP_2019_PLN_202_V12022-09-01,13,R011XY001ID,Control,Snake River Plains
ID_FRFO_LUP_2019_PLN_210_V12022-09-01,18,R011XY001ID,Control,Snake River Plains
ID_FRFO_LUP_2019_PLN_214_V12022-09-01,11,R011XY001ID,Control,Snake River Plains
ID_FourRiversFOLUP2019_PLN-165_V12021-09-01,12,R011XY001ID,Control,Snake River Plains
ID_FourRiversFOLUP2019_PLN-178_V12021-09-01,4,R011XY001ID,Control,Snake River Plains
ID_FourRiversFOLUP2019_PLN-179_V12021-09-01,9,R011XY001ID,Control,Snake River Plains
ID_FourRiversFOLUP2019_PLN-181_V12021-09-01,13,R011XY001ID,Control,Snake River Plains
ID_FourRiversFOLUP2019_PLN-182_V12021-09-01,10,R011XY001ID,Control,Snake River Plains
ID_JFO_LUP_2017_BSWD_205_V12022-09-01,7,R011XY001ID,Control,Snake River Plains
ID_SHFO_LUP_2017_BWD_142_V12022-09-01,9,R011XY001ID,Control,Snake River Plains
ID_SHFO_LUP_2017_OT_303_V12022-09-01,10,R011XY001ID,Control,Snake River Plains
ID_SHFO_LUP_2017_OT_305_V12022-09-01,9,R011XY001ID,Control,Snake River Plains
ID_SHFO_LUP_2017_SDM_371_V12022-09-01,10,R011XY001ID,Control,Snake River Plains
ID_SHFO_LUP_2023_BSWD-005_V22023-09-01,6,R011XY001ID,Control,Snake River Plains
ID_ShoshoneFOLUP2017_BWD-123_V12021-09-01,13,R011XY001ID,Control,Snake River Plains
ID_USFO_LUP_2023_USFO2023-018_V22023-09-01,16,R011XY001ID,Control,Snake River Plains
19052110115658812019-09-01,9,R011XY004ID,Control,Snake River Plains
20211653105204B1,4,R011XY004ID,Control,Snake River Plains
20221631102215B2,7,R011XY004ID,Control,Snake River Plains
ID_BUFO_LUP_2021_SEED_NR_004_V12022-09-01,13,R011XY004ID,Control,Snake River Plains
ID_SHFO_LUP_2017_SDM_370_V12022-09-01,13,R011XY004ID,Control,Snake River Plains
ID_SHFO_LUP_2017_LWD_250_V12022-09-01,18,R011XY005ID,Control,Snake River Plains
18073113442453132018-09-01,14,R011XY007ID,Control,Snake River Plains
ID_BFO_LUP_2022_SD-287_V12023-09-01,11,R011XY010ID,Control,Snake River Plains
16060707484924862016-09-01,7,R011XY014ID,Control,Snake River Plains
17061914531314122017-09-01,5,R011XY014ID,Control,Snake River Plains
19062909421292472019-09-01,11,R011XY014ID,Control,Snake River Plains
ID_BurleyFO_LUP_Revisit_2021_SEED-NR-002_V12021-09-01,9,R011XY014ID,Control,Snake River Plains
ID_JFO_LUP_2023_BSSH2023-003_V22023-09-01,2,R011XY014ID,Control,Snake River Plains
17070309431469012017-09-01,5,UNKNOWN,Control,Snake River Plains
18060117335354192018-09-01,6,UNKNOWN,Control,Snake River Plains
1905151122529482019-09-01,9,UNKNOWN,Control,Snake River Plains
ID_FRFO_LUP_2019_PLN_209_V12022-09-01,20,X000XUnknown,Control,Snake River Plains
ID_FourRiversFOLUP2019_PLN-194_V12021-09-01,7,X000XUnknown,Control,Snake River Plains
ID_FourRiversFOLUP2019_PLN-163_V12021-09-01,9,,Control,Snake River Plains
ID_FourRiversFOLUP2019_PLN-193_V12021-09-01,14,,Control,Snake River Plains
ID_OFO_AIMTrend_2023_01S03W04_V12023-09-01,4,,Control,Snake River Plains
OR_MFO_2021_MFO2021-204_V22023-09-01,7,,Control,Snake River Plains
